"","description","7/3-7/16","vs. 6/19-7/2"
"1","Agg. Assault",182,-16.1290322580645
"2","Homicide",6,0
"3","Rape",4,-63.6363636363636
"4","Robbery",118,-6.34920634920635
"5","Violent crime total",310,-13.8888888888889
"6","Shooting",11,-54.1666666666667
"7","Arson",4,-60
"8","Auto theft",122,-31.4606741573034
"9","Burglary",128,-12.3287671232877
"10","Larceny",461,-22.1283783783784
"11","Property crime total",715,-22.7861771058315
"12","Total",1025,-20.2954898911353
