"","description","4/21-5/4","vs. 4/7-4/20"
"1","Agg. Assault",183,-20.0873362445415
"2","Homicide",1,0
"3","Rape",15,150
"4","Robbery",124,12.7272727272727
"5","Violent crime total",323,-6.64739884393064
"6","Shooting",5,-72.2222222222222
"7","Arson",1,-66.6666666666667
"8","Auto theft",193,-6.76328502415459
"9","Burglary",131,13.9130434782609
"10","Larceny",599,-7.56172839506173
"11","Property crime total",924,-5.03597122302158
"12","Total",1247,-5.45868081880212
