"","description","5/9-5/22","vs. 4/25-5/8"
"1","Agg. Assault",181,-12.56038647343
"2","Homicide",6,50
"3","Rape",4,-63.6363636363636
"4","Robbery",112,-21.6783216783217
"5","Violent crime total",303,-16.986301369863
"6","Shooting",13,-13.3333333333333
"7","Arson",2,-33.3333333333333
"8","Auto theft",153,-4.96894409937888
"9","Burglary",124,4.20168067226891
"10","Larceny",464,-26.9291338582677
"11","Property crime total",743,-19.0631808278867
"12","Total",1046,-18.4723304754482
