"","description","2026 thru 2/9","vs. 2025 thru 2/9"
"1","Agg. Assault",455,6.8075117370892
"2","Homicide",12,0
"3","Rape",20,5.26315789473684
"4","Robbery",266,-28.3018867924528
"5","Violent crime total",753,-9.05797101449275
"6","Shooting",30,11.1111111111111
"7","Arson",17,41.6666666666667
"8","Auto theft",356,-18.9066059225513
"9","Burglary",270,-22.8571428571429
"10","Larceny",1428,-0.209643605870021
"11","Property crime total",2071,-7.21326164874552
"12","Total",2824,-7.71241830065359
