"","description","5/19-6/1","vs. 5/5-5/18"
"1","Agg. Assault",222,1.36986301369863
"2","Homicide",3,-40
"3","Rape",6,20
"4","Robbery",113,-2.58620689655172
"5","Violent crime total",344,-0.289855072463768
"6","Shooting",16,0
"7","Arson",3,-62.5
"8","Auto theft",192,4.34782608695652
"9","Burglary",159,48.5981308411215
"10","Larceny",625,-5.7315233785822
"11","Property crime total",979,1.76715176715177
"12","Total",1323,1.22417750573833
