"","description","4/8-4/21","vs. 3/25-4/7"
"1","Agg. Assault",152,-19.5767195767196
"2","Homicide",1,-66.6666666666667
"3","Rape",4,-69.2307692307692
"4","Robbery",65,-32.9896907216495
"5","Violent crime total",222,-26.4900662251656
"6","Shooting",15,-21.0526315789474
"7","Arson",3,-57.1428571428571
"8","Auto theft",183,18.0645161290323
"9","Burglary",105,-4.54545454545455
"10","Larceny",439,-14.4249512670565
"11","Property crime total",730,-7.00636942675159
"12","Total",952,-12.4195032198712
