"","description","4/29-5/12","vs. 4/15-4/28"
"1","Agg. Assault",167,-17.3267326732673
"2","Homicide",5,150
"3","Rape",8,-27.2727272727273
"4","Robbery",121,23.469387755102
"5","Violent crime total",301,-3.83386581469649
"6","Shooting",11,-42.1052631578947
"7","Arson",4,-33.3333333333333
"8","Auto theft",146,-37.6068376068376
"9","Burglary",101,-2.88461538461538
"10","Larceny",508,-9.9290780141844
"11","Property crime total",759,-16.4096916299559
"12","Total",1060,-13.1859131859132
