"","description","9/8-9/21","vs. 8/25-9/7"
"1","Agg. Assault",159,-5.91715976331361
"2","Homicide",6,200
"3","Rape",8,0
"4","Robbery",89,-20.5357142857143
"5","Violent crime total",262,-9.96563573883162
"6","Shooting",10,25
"7","Arson",4,33.3333333333333
"8","Auto theft",134,-10.6666666666667
"9","Burglary",114,-21.3793103448276
"10","Larceny",541,-13.44
"11","Property crime total",793,-14.0845070422535
"12","Total",1055,-13.0971993410214
