"","description","4/21-5/4","vs. 4/7-4/20"
"1","Agg. Assault",163,-2.39520958083832
"2","Homicide",3,200
"3","Rape",8,-27.2727272727273
"4","Robbery",109,22.4719101123595
"5","Violent crime total",283,5.59701492537313
"6","Shooting",15,7.14285714285714
"7","Arson",5,25
"8","Auto theft",155,-25.8373205741627
"9","Burglary",102,-17.741935483871
"10","Larceny",521,2.35756385068762
"11","Property crime total",783,-7.4468085106383
"12","Total",1066,-4.30879712746858
