"","description","3/3-3/16","vs. 2/17-3/2"
"1","Agg. Assault",203,10.9289617486339
"2","Homicide",1,-85.7142857142857
"3","Rape",9,-18.1818181818182
"4","Robbery",101,21.6867469879518
"5","Violent crime total",314,10.5633802816901
"6","Shooting",6,-40
"7","Arson",3,0
"8","Auto theft",174,16.7785234899329
"9","Burglary",86,-21.1009174311927
"10","Larceny",534,6.16302186878728
"11","Property crime total",797,4.31937172774869
"12","Total",1111,6.01145038167939
