"","description","5/14-5/27","vs. 4/30-5/13"
"1","Agg. Assault",168,-13.8461538461538
"2","Homicide",9,50
"3","Rape",7,-12.5
"4","Robbery",90,-34.7826086956522
"5","Violent crime total",274,-21.0374639769452
"6","Shooting",11,-8.33333333333333
"7","Arson",2,-50
"8","Auto theft",167,0
"9","Burglary",123,-6.81818181818182
"10","Larceny",446,-30.2034428794992
"11","Property crime total",738,-21.656050955414
"12","Total",1012,-21.4895267649341
