"","description","8/15-8/28","vs. 8/1-8/14"
"1","Agg. Assault",155,-31.4159292035398
"2","Homicide",4,100
"3","Rape",7,-41.6666666666667
"4","Robbery",107,16.304347826087
"5","Violent crime total",273,-17.7710843373494
"6","Shooting",5,-75
"7","Arson",5,150
"8","Auto theft",169,-11.5183246073298
"9","Burglary",111,-13.953488372093
"10","Larceny",494,-13.9372822299652
"11","Property crime total",779,-13.0580357142857
"12","Total",1052,-14.3322475570033
