"","description","6/17-6/30","vs. 6/3-6/16"
"1","Agg. Assault",191,9.77011494252874
"2","Homicide",6,50
"3","Rape",6,-14.2857142857143
"4","Robbery",102,-22.7272727272727
"5","Violent crime total",305,-3.78548895899054
"6","Shooting",24,166.666666666667
"7","Arson",6,200
"8","Auto theft",150,16.2790697674419
"9","Burglary",125,-9.42028985507246
"10","Larceny",502,-4.01529636711281
"11","Property crime total",783,-1.13636363636364
"12","Total",1088,-1.89359783588819
