"","description","2026 thru 6/8","vs. 2025 thru 6/8"
"1","Agg. Assault",2288,11.338199513382
"2","Homicide",42,-23.6363636363636
"3","Rape",105,-17.96875
"4","Robbery",1176,-14.3481427530954
"5","Violent crime total",3611,0
"6","Shooting",135,4.65116279069767
"7","Arson",43,-10.4166666666667
"8","Auto theft",1933,-4.49604743083004
"9","Burglary",1236,-10.7581227436823
"10","Larceny",6718,5.82860743541273
"11","Property crime total",9930,1.2748597654258
"12","Total",13541,0.931723315444246
