"","description","6/29-7/12","vs. 6/15-6/28"
"1","Agg. Assault",190,-5.94059405940594
"2","Homicide",7,75
"3","Rape",6,-25
"4","Robbery",121,13.0841121495327
"5","Violent crime total",324,0.934579439252336
"6","Shooting",9,-66.6666666666667
"7","Arson",4,-33.3333333333333
"8","Auto theft",155,23.015873015873
"9","Burglary",142,26.7857142857143
"10","Larceny",453,-17.3357664233577
"11","Property crime total",754,-4.7979797979798
"12","Total",1078,-3.14465408805031
