"","description","1/6-1/19","vs. 12/23-1/5"
"1","Agg. Assault",162,2.53164556962025
"2","Homicide",6,20
"3","Rape",8,14.2857142857143
"4","Robbery",102,2
"5","Violent crime total",278,2.96296296296296
"6","Shooting",8,60
"7","Arson",11,266.666666666667
"8","Auto theft",155,-9.35672514619883
"9","Burglary",123,29.4736842105263
"10","Larceny",589,11.3421550094518
"11","Property crime total",878,10.0250626566416
"12","Total",1156,8.23970037453183
