"","description","7/31-8/13","vs. 7/17-7/30"
"1","Agg. Assault",208,-8.37004405286344
"2","Homicide",2,-60
"3","Rape",11,57.1428571428571
"4","Robbery",90,-6.25
"5","Violent crime total",311,-7.16417910447761
"6","Shooting",20,53.8461538461538
"7","Arson",2,-33.3333333333333
"8","Auto theft",167,26.5151515151515
"9","Burglary",111,-5.93220338983051
"10","Larceny",493,-22.7272727272727
"11","Property crime total",773,-13.2435465768799
"12","Total",1084,-11.5823817292007
