"","description","2/3-2/16","vs. 1/20-2/2"
"1","Agg. Assault",147,-10.9090909090909
"2","Homicide",5,400
"3","Rape",7,-12.5
"4","Robbery",96,37.1428571428571
"5","Violent crime total",255,4.50819672131148
"6","Shooting",6,-62.5
"7","Arson",2,0
"8","Auto theft",109,31.3253012048193
"9","Burglary",86,8.86075949367089
"10","Larceny",439,2.33100233100233
"11","Property crime total",636,7.25126475548061
"12","Total",891,6.45161290322581
