"","description","6/17-6/30","vs. 6/3-6/16"
"1","Agg. Assault",194,-2.51256281407035
"2","Homicide",6,20
"3","Rape",8,-27.2727272727273
"4","Robbery",107,-29.6052631578947
"5","Violent crime total",315,-14.1689373297003
"6","Shooting",19,58.3333333333333
"7","Arson",8,300
"8","Auto theft",142,-4.05405405405405
"9","Burglary",121,-23.8993710691824
"10","Larceny",508,-16.5845648604269
"11","Property crime total",779,-15.1416122004357
"12","Total",1094,-14.863813229572
