"","description","1/27-2/9","vs. 1/13-1/26"
"1","Agg. Assault",134,-23.4285714285714
"2","Homicide",3,-25
"3","Rape",5,-28.5714285714286
"4","Robbery",89,-3.26086956521739
"5","Violent crime total",231,-16.9064748201439
"6","Shooting",13,8.33333333333333
"7","Arson",1,-66.6666666666667
"8","Auto theft",91,-30.5343511450382
"9","Burglary",54,-52.212389380531
"10","Larceny",396,-22.8070175438596
"11","Property crime total",542,-28.6842105263158
"12","Total",773,-25.5298651252408
