"","description","2026 thru 1/26","vs. 2025 thru 1/26"
"1","Agg. Assault",311,7.24137931034483
"2","Homicide",9,0
"3","Rape",15,66.6666666666667
"4","Robbery",178,-21.5859030837004
"5","Violent crime total",513,-4.11214953271028
"6","Shooting",17,-5.55555555555556
"7","Arson",16,128.571428571429
"8","Auto theft",265,-10.472972972973
"9","Burglary",212,-8.62068965517241
"10","Larceny",1008,6.66666666666667
"11","Property crime total",1501,1.41891891891892
"12","Total",2014,-0.0496277915632754
