"","description","2026 thru 3/2","vs. 2025 thru 3/2"
"1","Agg. Assault",747,13.0105900151286
"2","Homicide",22,10
"3","Rape",38,8.57142857142857
"4","Robbery",388,-31.8101933216169
"5","Violent crime total",1195,-7.00389105058366
"6","Shooting",41,10.8108108108108
"7","Arson",18,28.5714285714286
"8","Auto theft",563,-19.8005698005698
"9","Burglary",441,-15.5172413793103
"10","Larceny",2184,-2.89017341040462
"11","Property crime total",3206,-8.0585030111844
"12","Total",4401,-7.7745180217938
