"","description","4/17-4/30","vs. 4/3-4/16"
"1","Agg. Assault",174,2.35294117647059
"2","Homicide",1,-66.6666666666667
"3","Rape",10,-33.3333333333333
"4","Robbery",101,14.7727272727273
"5","Violent crime total",286,3.6231884057971
"6","Shooting",14,7.69230769230769
"7","Arson",5,0
"8","Auto theft",175,-5.91397849462366
"9","Burglary",104,-10.3448275862069
"10","Larceny",491,2.50521920668058
"11","Property crime total",775,-1.39949109414758
"12","Total",1061,-0.0941619585687382
