"","description","2/17-3/2","vs. 2/3-2/16"
"1","Agg. Assault",181,22.2972972972973
"2","Homicide",7,40
"3","Rape",9,28.5714285714286
"4","Robbery",81,-14.7368421052632
"5","Violent crime total",278,9.01960784313725
"6","Shooting",10,100
"7","Arson",3,0
"8","Auto theft",151,34.8214285714286
"9","Burglary",107,17.5824175824176
"10","Larceny",484,8.03571428571429
"11","Property crime total",745,13.914373088685
"12","Total",1023,12.5412541254125
