"","description","3/24-4/6","vs. 3/10-3/23"
"1","Agg. Assault",193,-20.2479338842975
"2","Homicide",5,66.6666666666667
"3","Rape",3,-72.7272727272727
"4","Robbery",114,23.9130434782609
"5","Violent crime total",315,-9.48275862068965
"6","Shooting",18,200
"7","Arson",0,-100
"8","Auto theft",199,22.0858895705521
"9","Burglary",100,-6.54205607476635
"10","Larceny",647,12.5217391304348
"11","Property crime total",946,11.0328638497653
"12","Total",1261,5.08333333333333
