"","description","5/26-6/8","vs. 5/12-5/25"
"1","Agg. Assault",186,-4.12371134020619
"2","Homicide",6,-14.2857142857143
"3","Rape",8,33.3333333333333
"4","Robbery",107,0
"5","Violent crime total",307,-2.22929936305732
"6","Shooting",8,-42.8571428571429
"7","Arson",0,-100
"8","Auto theft",146,-15.1162790697674
"9","Burglary",113,-19.8581560283688
"10","Larceny",475,-4.42655935613682
"11","Property crime total",734,-9.60591133004926
"12","Total",1041,-7.54884547069272
