"","description","2026 thru 3/16","vs. 2025 thru 3/16"
"1","Agg. Assault",951,14.4404332129964
"2","Homicide",23,-20.6896551724138
"3","Rape",51,10.8695652173913
"4","Robbery",493,-28.343023255814
"5","Violent crime total",1518,-4.76787954830615
"6","Shooting",46,-4.16666666666667
"7","Arson",21,40
"8","Auto theft",738,-19.8697068403909
"9","Burglary",527,-17.65625
"10","Larceny",2742,-3.38266384778013
"11","Property crime total",4028,-8.74490258269144
"12","Total",5546,-7.68974700399467
