"","description","2026 thru 1/12","vs. 2025 thru 1/12"
"1","Agg. Assault",130,-2.98507462686567
"2","Homicide",4,100
"3","Rape",8,60
"4","Robbery",86,-18.8679245283019
"5","Violent crime total",228,-7.69230769230769
"6","Shooting",6,-14.2857142857143
"7","Arson",11,450
"8","Auto theft",131,5.64516129032258
"9","Burglary",104,11.8279569892473
"10","Larceny",497,20.3389830508475
"11","Property crime total",743,17.5632911392405
"12","Total",971,10.4664391353811
