"","description","2/10-2/23","vs. 1/27-2/9"
"1","Agg. Assault",177,30.1470588235294
"2","Homicide",4,33.3333333333333
"3","Rape",9,80
"4","Robbery",95,7.95454545454545
"5","Violent crime total",285,22.8448275862069
"6","Shooting",8,-33.3333333333333
"7","Arson",3,50
"8","Auto theft",122,31.1827956989247
"9","Burglary",115,105.357142857143
"10","Larceny",482,18.7192118226601
"11","Property crime total",722,29.6229802513465
"12","Total",1007,27.6299112801014
