"","description","4/10-4/23","vs. 3/27-4/9"
"1","Agg. Assault",139,-24.8648648648649
"2","Homicide",1,-66.6666666666667
"3","Rape",6,-62.5
"4","Robbery",69,-39.4736842105263
"5","Violent crime total",215,-32.3899371069182
"6","Shooting",13,-23.5294117647059
"7","Arson",4,-33.3333333333333
"8","Auto theft",191,20.125786163522
"9","Burglary",97,-7.61904761904762
"10","Larceny",439,-11.491935483871
"11","Property crime total",731,-4.56919060052219
"12","Total",946,-12.7306273062731
