"","description","4/14-4/27","vs. 3/31-4/13"
"1","Agg. Assault",204,-2.85714285714286
"2","Homicide",1,-75
"3","Rape",9,50
"4","Robbery",134,25.2336448598131
"5","Violent crime total",348,6.42201834862385
"6","Shooting",11,-35.2941176470588
"7","Arson",3,200
"8","Auto theft",212,7.07070707070707
"9","Burglary",123,6.03448275862069
"10","Larceny",669,8.95765472312704
"11","Property crime total",1007,8.39612486544672
"12","Total",1355,7.88216560509554
