"","description","6/20-7/3","vs. 6/6-6/19"
"1","Agg. Assault",201,10.4395604395604
"2","Homicide",9,50
"3","Rape",8,-27.2727272727273
"4","Robbery",115,-8.73015873015873
"5","Violent crime total",333,2.46153846153846
"6","Shooting",18,50
"7","Arson",9,350
"8","Auto theft",145,3.57142857142857
"9","Burglary",130,-11.5646258503401
"10","Larceny",482,-20.3305785123967
"11","Property crime total",766,-14.3176733780761
"12","Total",1099,-9.84413453650533
