"","description","2026 thru 1/19","vs. 2025 thru 1/19"
"1","Agg. Assault",217,3.33333333333333
"2","Homicide",9,50
"3","Rape",11,22.2222222222222
"4","Robbery",144,-11.6564417177914
"5","Violent crime total",381,-1.80412371134021
"6","Shooting",10,-33.3333333333333
"7","Arson",14,100
"8","Auto theft",216,0.934579439252336
"9","Burglary",160,9.58904109589041
"10","Larceny",776,18.6544342507645
"11","Property crime total",1166,14.2017629774731
"12","Total",1547,9.79418026969482
