"","description","5/26-6/8","vs. 5/12-5/25"
"1","Agg. Assault",247,26.6666666666667
"2","Homicide",4,33.3333333333333
"3","Rape",4,-33.3333333333333
"4","Robbery",96,-21.3114754098361
"5","Violent crime total",351,7.66871165644172
"6","Shooting",26,73.3333333333333
"7","Arson",3,-50
"8","Auto theft",215,20.7865168539326
"9","Burglary",142,11.8110236220472
"10","Larceny",627,-0.317965023847377
"11","Property crime total",987,5
"12","Total",1338,5.68720379146919
