"","description","7/23-8/5","vs. 7/9-7/22"
"1","Agg. Assault",184,-15.9817351598174
"2","Homicide",0,-100
"3","Rape",9,50
"4","Robbery",79,-31.304347826087
"5","Violent crime total",272,-21.6138328530259
"6","Shooting",14,0
"7","Arson",2,-33.3333333333333
"8","Auto theft",148,17.4603174603175
"9","Burglary",123,-10.8695652173913
"10","Larceny",509,-15.8677685950413
"11","Property crime total",782,-10.3211009174312
"12","Total",1054,-13.5356849876948
