"","description","7/7-7/20","vs. 6/23-7/6"
"1","Agg. Assault",179,-19.3693693693694
"2","Homicide",8,-20
"3","Rape",5,-44.4444444444444
"4","Robbery",99,-19.5121951219512
"5","Violent crime total",291,-20.0549450549451
"6","Shooting",10,-33.3333333333333
"7","Arson",3,-66.6666666666667
"8","Auto theft",108,-38.9830508474576
"9","Burglary",113,-23.1292517006803
"10","Larceny",485,-13.2379248658318
"11","Property crime total",709,-20.5156950672646
"12","Total",1000,-20.3821656050955
