"","description","4/11-4/24","vs. 3/28-4/10"
"1","Agg. Assault",152,-20.4188481675393
"2","Homicide",2,-33.3333333333333
"3","Rape",7,-53.3333333333333
"4","Robbery",70,-39.1304347826087
"5","Violent crime total",231,-28.7037037037037
"6","Shooting",13,-35
"7","Arson",7,16.6666666666667
"8","Auto theft",211,24.1176470588235
"9","Burglary",88,-31.7829457364341
"10","Larceny",449,-16.6975881261596
"11","Property crime total",755,-10.5450236966825
"12","Total",986,-15.5821917808219
