"","description","3/10-3/23","vs. 2/24-3/9"
"1","Agg. Assault",235,34.2857142857143
"2","Homicide",3,-50
"3","Rape",10,0
"4","Robbery",95,11.7647058823529
"5","Violent crime total",343,24.2753623188406
"6","Shooting",5,-37.5
"7","Arson",6,500
"8","Auto theft",162,-5.81395348837209
"9","Burglary",104,30
"10","Larceny",565,8.86319845857418
"11","Property crime total",837,8.41968911917098
"12","Total",1180,12.5954198473282
