"","description","5/12-5/25","vs. 4/28-5/11"
"1","Agg. Assault",194,-8.49056603773585
"2","Homicide",3,0
"3","Rape",6,-40
"4","Robbery",122,6.08695652173913
"5","Violent crime total",325,-4.41176470588235
"6","Shooting",15,50
"7","Arson",5,25
"8","Auto theft",171,-8.06451612903226
"9","Burglary",125,12.6126126126126
"10","Larceny",603,-8.21917808219178
"11","Property crime total",904,-5.63674321503132
"12","Total",1229,-5.31587057010786
