"","description","2/24-3/9","vs. 2/10-2/23"
"1","Agg. Assault",171,-7.06521739130435
"2","Homicide",6,20
"3","Rape",8,-11.1111111111111
"4","Robbery",80,-21.5686274509804
"5","Violent crime total",265,-11.6666666666667
"6","Shooting",8,0
"7","Arson",1,-66.6666666666667
"8","Auto theft",177,41.6
"9","Burglary",88,-26.0504201680672
"10","Larceny",502,3.08008213552361
"11","Property crime total",768,4.63215258855586
"12","Total",1033,-0.0967117988394584
