"","description","2026 thru 3/23","vs. 2025 thru 3/23"
"1","Agg. Assault",1070,14.6838156484459
"2","Homicide",26,-18.75
"3","Rape",56,0
"4","Robbery",546,-26.4150943396226
"5","Violent crime total",1698,-3.68689733408962
"6","Shooting",50,-5.66037735849057
"7","Arson",24,50
"8","Auto theft",822,-18.2902584493042
"9","Burglary",573,-17.5539568345324
"10","Larceny",3062,-2.17252396166134
"11","Property crime total",4481,-7.55106251289457
"12","Total",6179,-6.52042360060514
