"","description","6/2-6/15","vs. 5/19-6/1"
"1","Agg. Assault",219,-3.52422907488987
"2","Homicide",4,33.3333333333333
"3","Rape",10,66.6666666666667
"4","Robbery",118,4.42477876106195
"5","Violent crime total",351,0.573065902578797
"6","Shooting",21,31.25
"7","Arson",7,133.333333333333
"8","Auto theft",212,9.27835051546392
"9","Burglary",121,-20.3947368421053
"10","Larceny",657,2.65625
"11","Property crime total",997,0.808897876643074
"12","Total",1348,0.747384155455904
