"","crime_date","description","inside_outside","weapon","gender","age","race","ethnicity","location","new_district","neighborhood","latitude","longitude","premise_type","zt","zap"
"1","6/29/2026","Shoplifting","Inside",NA,NA,"None reported","None reported",NA,"4000 W NORTHERN PKWY","Northwest","Woodmere",39.348955,-76.691027,"Convenience store","5:40","p.m."
"2","6/29/2026","Larceny from auto","Outside",NA,"Female","None reported","Black or African American","Not Hispanic or Latino","10 S FREDERICK ST","Central","Downtown",39.288984,-76.607948,"Shed/garage","9:30","p.m."
"3","6/29/2026","Larceny","Outside","Personal weapons","Male","30","Black or African American","Not Hispanic or Latino","1000 N MOUNT ST","Western","Sandtown-Winchester",39.300674,-76.644645,"Street","4:00","p.m."
"4","6/29/2026","Larceny from auto","Outside",NA,"Male","62","Black or African American","Unknown","4900 GOODNOW RD","Northeast","Frankford",39.327316,-76.548035,"Street","8:04","a.m."
"5","6/29/2026","Larceny","Inside","Personal weapons","Male","37","Black or African American","Not Hispanic or Latino","2700 VIRGINIA AVE","Northern","Cylburn",39.345683,-76.661468,"Other/residential","7:25","a.m."
"6","6/29/2026","Larceny from auto","Outside",NA,"Female","33","Unknown","Hispanic or Latino","100 N DECKER AVE","Southeast","Patterson Park Neighborhood",39.293517,-76.574266,"Street","9:27","a.m."
"7","6/29/2026","Larceny","Inside",NA,NA,"None reported","None reported",NA,"200 S BROADWAY","Central","Fells Point",39.288357,-76.593365,"Restaurant","4:30","p.m."
"8","6/29/2026","Larceny","Inside",NA,"Female","43","Black or African American","Not Hispanic or Latino","2100 SAINT PAUL ST","Eastern","Charles North",39.314014,-76.615345,"Other/residential","5:00","p.m."
"9","6/29/2026","Larceny","Inside",NA,"Female","41","White","Not Hispanic or Latino","400 HOMELAND AVE","Northern","Homeland",39.35402,-76.611953,"Other/residential","6:40","p.m."
"10","6/29/2026","Larceny from auto","Outside",NA,"Female","19","None reported","Hispanic or Latino","2800 ERDMAN AVE","Eastern","Belair-Edison",39.322683,-76.575752,"Street","2:00","a.m."
"11","6/29/2026","Larceny from auto","Outside",NA,"Male","None reported","Black or African American","Not Hispanic or Latino","4800 BAYONNE AVE","Northeast","Frankford",39.340906,-76.534726,"Street","1:00","a.m."
"12","6/28/2026","Larceny from auto","Inside",NA,"Female","43","Black or African American","Unknown","4300 LIBERTY HEIGHTS AVE","Northwest","Dorchester",39.329918,-76.690047,"Other/residential","5:00","a.m."
"13","6/29/2026","Larceny","Inside",NA,"Female","23","Black or African American","Not Hispanic or Latino","2400 BOSTON ST","Southeast","Canton",39.281742,-76.581892,"Restaurant","11:09","p.m."
"14","6/29/2026","Larceny","Inside",NA,"Female","None reported","White","Not Hispanic or Latino","1100 NANTICOKE ST","Southern","Washington Village/Pigtown",39.28033,-76.631228,"Other/residential","3:55","p.m."
"15","6/28/2026","Larceny of motor vehicle parts or accessories","Outside",NA,"Female","77","White","Not Hispanic or Latino","1200 LAKESIDE AVE","Northeast","Ednor Gardens-Lakeside",39.329514,-76.598692,"Street","5:00","p.m."
"16","6/28/2026","Larceny of motor vehicle parts or accessories","Outside",NA,"Male","56","White","Not Hispanic or Latino","100 N COLLINGTON AVE","Southeast","Butchers Hill",39.293959,-76.586529,"Street","11:00","p.m."
"17","6/28/2026","Shoplifting","Inside",NA,NA,"None reported","None reported",NA,"3900 BOSTON ST","Southeast","Canton Industrial Area",39.275947,-76.563023,"Wholesaler/store","11:31","p.m."
"18","6/28/2026","Larceny from auto","Outside",NA,"Male","31","White","Not Hispanic or Latino","100 S ELLWOOD AVE","Southeast","Patterson Park Neighborhood",39.29103,-76.573052,"Street","11:05","a.m."
"19","6/28/2026","Larceny from auto","Outside",NA,"Female","36","Black or African American","Not Hispanic or Latino","1200 N CHARLES ST","Central","Mid-Town Belvedere",39.303949,-76.616272,"Street","10:00","p.m."
"20","6/29/2026","Larceny from auto","Outside",NA,NA,"None reported","None reported",NA,"5500 PRICE AVE","Northwest","Woodmere",39.349285,-76.689395,"Street","10:30","a.m."
"21","6/29/2026","Larceny from auto","Outside",NA,"Male","24","Black or African American","Not Hispanic or Latino","400 N LAKEWOOD AVE","Southeast","Mcelderry Park",39.295973,-76.579116,"Street","8:00","p.m."
"22","6/29/2026","Shoplifting","Inside",NA,NA,"None reported","None reported",NA,"2400 N CHARLES ST","Eastern","Old Goucher",39.316765,-76.61649,"Grocery/confection","2:00","p.m."
"23","6/24/2026","Shoplifting","Inside",NA,NA,"None reported","None reported",NA,"1000 W 41ST ST","Northern","Hoes Heights",39.3382,-76.63457,"Drug store / med  bldg","10:58","p.m."
"24","6/24/2026","Larceny from auto","Outside",NA,"Male","38","None reported","Hispanic or Latino","1400 DARLEY AVE","Eastern","Darley Park",39.315035,-76.59628,"Street","8:00","a.m."
"25","6/24/2026","Larceny","Inside",NA,"Male","33","Black or African American","Unknown",NA,"Southeast","Hopkins Bayview",39.290133,-76.546936,"Drug store / med  bldg","8:00","p.m."
"26","6/24/2026","Larceny","Outside",NA,NA,"None reported","None reported",NA,"900 N WASHINGTON ST","Southeast","Middle East",39.300779,-76.589972,"Street","3:00","p.m."
"27","6/24/2026","Larceny from auto","Inside",NA,NA,"None reported","None reported",NA,"1500 SAINT PAUL ST","Eastern","Charles North",39.306597,-76.61441,"Office building","2:07","p.m."
"28","6/24/2026","Shoplifting","Inside",NA,NA,"None reported","None reported",NA,"6200 PULASKI HWY","Southeast","Pulaski Industrial Area",39.302442,-76.543381,"Convenience store","3:31","p.m."
"29","6/24/2026","Shoplifting","Inside",NA,NA,"None reported","None reported",NA,"4100 PULASKI HWY","Southeast","Kresson",39.296926,-76.562615,"Wholesaler/store","2:35","p.m."
"30","6/24/2026","Larceny from auto","Outside",NA,"Male","50","Unknown","Hispanic or Latino","700 W OSTEND ST","Southern","Carroll - Camden Industrial Area",39.277102,-76.627175,"Shed/garage","10:00","a.m."
"31","6/24/2026","Larceny","Inside",NA,"Female","47","White","Unknown","300 W 29TH ST","Northern","Remington",39.32196,-76.622229,"Office building","12:20","p.m."
"32","6/20/2026","Larceny from auto","Outside",NA,"Female","23","White","Not Hispanic or Latino",NA,"Western","Madison Park",39.302179,-76.625849,"Street","4:01","a.m."
"33","6/21/2026","Larceny from auto","Outside",NA,"Male","31","Black or African American","Unknown","5900 GREEN MEADOW PKWY","Northwest","Cheswolde",39.366146,-76.672461,"Street","2:00","a.m."
"34","6/21/2026","Larceny from auto","Outside",NA,"Female","55","Black or African American","Not Hispanic or Latino","1500 MCCULLOH ST","Western","Upton",39.304106,-76.629976,"Street","1:30","a.m."
"35","6/20/2026","Larceny from auto","Inside",NA,"Male","44","None reported","Not Hispanic or Latino","1300 SCHEELER AVE","Southeast","Pulaski Industrial Area",39.308601,-76.533815,"Other/residential","4:00","a.m."
"36","6/25/2026","Larceny from auto","Outside",NA,"Male","21","None reported","Not Hispanic or Latino","3300 AUCHENTOROLY TER","Western","Auchentoroly-Parkwood",39.318079,-76.6478,"Street","2:30","a.m."
"37","6/25/2026","Larceny of motor vehicle parts or accessories","Outside",NA,"Male","21","Black or African American","Unknown","2900 TANEY RD","Northwest","Cheswolde",39.363381,-76.685035,"Shed/garage","2:30","a.m."
"38","6/24/2026","Larceny of motor vehicle parts or accessories","Outside",NA,"Female","73","American Indian or Alaska Native","Unknown","4800 YELLOWWOOD AVE","Northern","Coldspring",39.34708,-76.65888,"Shed/garage","4:00","p.m."
"39","6/24/2026","Larceny of motor vehicle parts or accessories","Outside",NA,"Female","49","White","Unknown","700 N CALVERT ST","Central","Mount Vernon",39.298178,-76.612683,"Street","12:00","p.m."
"40","6/25/2026","Larceny from auto","Outside",NA,"Male","45","None reported","Not Hispanic or Latino","1000 HOMEWOOD AVE","Central","Johnston Square",39.301927,-76.606596,"Shed/garage","1:00","a.m."
"41","6/24/2026","Shoplifting","Inside",NA,NA,"None reported","None reported",NA,"1000 W 41ST ST","Northern","Hoes Heights",39.3382,-76.63457,"Drug store / med  bldg","11:45","p.m."
"42","6/24/2026","Shoplifting","Inside",NA,NA,"None reported","None reported",NA,"2500 GREENMOUNT AVE","Northern","Better Waverly",39.31859,-76.609288,"Convenience store","12:00","p.m."
"43","6/20/2026","Larceny from auto","Outside",NA,"Male","36","None reported","Hispanic or Latino","3600 6TH ST","Southern","Brooklyn",39.236055,-76.602699,"Street","12:30","p.m."
"44","6/21/2026","Larceny of motor vehicle parts or accessories","Outside",NA,"Male","34","Black or African American","Not Hispanic or Latino","5000 WABASH AVE","Northwest","Dolfield",39.340662,-76.682136,"Shed/garage","12:00","a.m."
"45","6/17/2026","Larceny of motor vehicle parts or accessories","Outside",NA,"Male","65","Black or African American","Unknown","2400 GUILFORD AVE","Eastern","Barclay",39.317455,-76.613042,"Street","11:00","p.m."
"46","6/24/2026","Larceny","Inside",NA,NA,"None reported","None reported",NA,"4000 W NORTHERN PKWY","Northwest","Woodmere",39.348955,-76.691027,"Convenience store","7:30","p.m."
"47","6/24/2026","Larceny of motor vehicle parts or accessories","Inside",NA,"Male","52","Black or African American","Unknown","3100 STRICKLAND ST","Southwest","Gwynns Falls",39.27773,-76.668557,"Other/residential","7:00","p.m."
"48","6/17/2026","Shoplifting","Inside",NA,NA,"None reported","None reported",NA,"4000 W NORTHERN PKWY","Northwest","Woodmere",39.348955,-76.691027,"Specialty store","8:30","p.m."
"49","6/17/2026","Larceny","Inside",NA,"Female","50","Black or African American","Unknown","100 N ATHOL AVE","Southwest","Uplands",39.287423,-76.689117,"Other/residential","6:30","a.m."
"50","6/17/2026","Larceny","Inside",NA,"Male","31","Black or African American","Not Hispanic or Latino","10 S CALVERT ST","Central","Downtown",39.289058,-76.612422,"Tavern/night club","6:39","a.m."
"51","6/14/2026","Larceny","Outside","Personal weapons","Male","17","Black or African American","Not Hispanic or Latino","3700 ELMLEY AVE","Eastern","Belair-Edison",39.317713,-76.567085,"Street","10:00","p.m."
"52","6/14/2026","Shoplifting","Inside",NA,NA,"None reported","None reported",NA,"500 S PULASKI ST","Southwest","Carrollton Ridge",39.280662,-76.648672,"Convenience store","11:35","p.m."
"53","6/15/2026","Shoplifting","Inside",NA,NA,"None reported","None reported",NA,"3100 ST PAUL STREET","Northern","Charles Village",39.326485,-76.61563,"Convenience store","12:40","a.m."
"54","6/26/2026","Larceny","Inside",NA,"Male","34","White","Not Hispanic or Latino","1700 EASTERN AVE","Central","Upper Fells Point",39.285844,-76.592061,"Other/residential","5:00","a.m."
"55","6/26/2026","Larceny","Inside",NA,"Female","63","Black or African American","Unknown","1000 N PATTERSON PARK AVE","Southeast","Middle East",39.302643,-76.585558,"Other/residential","6:10","a.m."
"56","6/14/2026","Shoplifting","Inside","Personal weapons",NA,"None reported","None reported",NA,"30 LIGHT ST","Central",NA,39.287904,-76.613979,"Convenience store","1:57","p.m."
"57","6/14/2026","Larceny","Inside",NA,"Female","41","Black or African American","Not Hispanic or Latino","5500 BELAIR RD","Northeast","Waltherson",39.340713,-76.548318,"Office building","6:30","p.m."
"58","6/14/2026","Larceny","Inside",NA,"Male","63","Black or African American","Not Hispanic or Latino","2600 N HOWARD ST","Northern","Remington",39.319518,-76.62017,"Restaurant","7:00","p.m."
"59","6/15/2026","Larceny","Inside",NA,"Female","35","Black or African American","Unknown","3 E NORTH AVE","Eastern","Charles North",39.310877,-76.616312,"Liquor store","1:30","a.m."
"60","6/26/2026","Shoplifting","Outside",NA,NA,"None reported","None reported",NA,"4900 BOSTON ST","Southeast","Canton Industrial Area",39.276811,-76.553907,"Gas station","5:50","a.m."
"61","6/26/2026","Larceny","Inside",NA,"Female","39","Black or African American","Unknown","1500 LESTER MORTON CT","Central","Gay Street",39.298502,-76.597314,"Other/residential","6:37","a.m."
"62","6/14/2026","Larceny","Inside",NA,"Female","24","White","Not Hispanic or Latino","900 FELL ST","Central","Fells Point",39.280646,-76.590255,"Other/residential","3:00","p.m."
"63","6/29/2026","Larceny from auto","Outside",NA,"Female","34","White","Unknown","400 S ROBINSON ST","Southeast","Highlandtown",39.287314,-76.572456,"Street","2:00","a.m."
"64","6/28/2026","Larceny from auto","Outside",NA,"Male","26","Asian","Not Hispanic or Latino","1000 S DECKER AVE","Southeast","Canton",39.28116,-76.573523,"Street","10:30","p.m."
"65","6/28/2026","Larceny from auto","Inside",NA,"Female","24","Black or African American","Unknown","1100 GREENMOUNT AVE","Central","Johnston Square",39.302812,-76.607867,"Other/residential","6:00","a.m."
"66","6/28/2026","Larceny","Inside",NA,"Male","65","Black or African American","Not Hispanic or Latino","1500 LOWMAN ST","Southern","Locust Point",39.268735,-76.596278,"Other/residential","12:36","p.m."
"67","6/29/2026","Larceny from auto","Outside",NA,"Male","59","White","Not Hispanic or Latino","2400 FREDERICK AVE","Southwest","Shipley Hill",39.283717,-76.655707,"Street","12:30","a.m."
"68","6/27/2026","Larceny of motor vehicle parts or accessories","Outside",NA,"Male","20","Black or African American","Not Hispanic or Latino","3400 MAYFIELD AVE","Eastern","Belair-Edison",39.320423,-76.569547,"Street","9:15","p.m."
"69","6/27/2026","Larceny","Inside",NA,NA,"None reported","None reported",NA,"3600 KESWICK RD","Northern","Wyman Park",39.332162,-76.627839,"Office building","10:31","p.m."
"70","6/28/2026","Shoplifting","Inside",NA,NA,"None reported","None reported",NA,"6100 HOLABIRD AVE","Southeast","Broening Manor",39.272331,-76.543025,"Convenience store","5:05","a.m."
"71","6/29/2026","Larceny from auto","Outside",NA,"Female","45","Black or African American","Not Hispanic or Latino","100 E WELLS ST","Southern","Riverside",39.268377,-76.611279,"Shed/garage","2:45","a.m."
"72","6/29/2026","Larceny from auto","Outside",NA,"Male","23","None reported","Not Hispanic or Latino","1000 WOODSON RD","Northeast","Lake Walker",39.370884,-76.599461,"Street","3:50","a.m."
"73","6/28/2026","Larceny from auto","Outside",NA,"Female","29","Black or African American","Not Hispanic or Latino","2000 W PRATT ST","Southwest","Carrollton Ridge",39.285258,-76.648659,"Street","9:00","p.m."
"74","6/28/2026","Larceny from auto","Outside",NA,"Female","44","None reported","Hispanic or Latino","1600 N BRADFORD ST","Eastern","Broadway East",39.309239,-76.585226,"Street","1:00","p.m."
"75","6/27/2026","Shoplifting","Inside",NA,NA,"None reported","None reported",NA,"5800 YORK RD","Northern","Belvedere",39.360714,-76.609467,"Wholesaler/store","11:41","p.m."
"76","6/27/2026","Larceny from auto","Outside",NA,"Female","29","White","Not Hispanic or Latino","6300 BANK ST","Southeast","Bayview",39.289185,-76.540918,"Street","2:30","p.m."
"77","6/24/2026","Larceny","Inside",NA,NA,"None reported","None reported",NA,"600 E PRATT ST","Central","Inner Harbor",39.286933,-76.607299,"Wholesaler/store","4:15","p.m."
"78","6/28/2026","Larceny from auto","Outside",NA,"Male","31","Asian","Not Hispanic or Latino","3300 GARRISON BLVD","Northwest","Central Forest Park",39.326757,-76.682758,"Gas station","6:30","a.m."
"79","6/28/2026","Shoplifting","Inside",NA,NA,"None reported","None reported",NA,"4100 PULASKI HWY","Southeast","Kresson",39.296926,-76.562615,"Wholesaler/store","9:40","p.m."
"80","6/28/2026","Shoplifting","Inside",NA,NA,"None reported","None reported",NA,"50 MARKET PL","Central","Downtown",39.288213,-76.606474,"Convenience store","9:51","p.m."
"81","6/28/2026","Larceny","Outside",NA,"Male","82","White","Not Hispanic or Latino",NA,"Central","Inner Harbor",39.284982,-76.611884,"Street","9:00","p.m."
"82","6/25/2026","Larceny from auto","Outside",NA,"Male","82","White","Hispanic or Latino","800 W CROSS ST","Southern","Washington Village/Pigtown",39.279982,-76.628944,"Street","10:00","p.m."
"83","6/23/2026","Larceny","Inside",NA,"Male","20","Black or African American","Not Hispanic or Latino","6500 REISTERSTOWN RD","Northwest","Reisterstown Station",39.356495,-76.70527,"Restaurant","5:30","p.m."
"84","6/23/2026","Larceny","Inside",NA,"Female","69","Black or African American","Not Hispanic or Latino","3000 W COLD SPRING LN","Northern","Towanda-Grantley",39.336996,-76.672008,"Other/residential","10:51","p.m."
"85","6/23/2026","Larceny from auto","Outside",NA,"Female","57","White","Unknown","700 S WOLFE ST","Central","Fells Point",39.282768,-76.590046,"Street","11:30","p.m."
"86","6/21/2026","Larceny from auto","Inside",NA,"Female","33","Black or African American","Unknown","2600 BOONE ST","Northern","Better Waverly",39.319962,-76.608848,"Other/residential","2:23","a.m."
"87","6/20/2026","Larceny of motor vehicle parts or accessories","Outside",NA,"Female","64","Black or African American","Unknown","1800 DRUID HILL AVE","Western","Druid Heights",39.306171,-76.633959,"Street","9:30","p.m."
"88","6/20/2026","Larceny from auto","Outside",NA,"Female","34","White","Unknown","400 E 30TH ST","Northern","Abell",39.324783,-76.610991,"Street","7:58","p.m."
"89","6/20/2026","Larceny from auto","Outside",NA,"Male","35","Black or African American","Not Hispanic or Latino","2200 E BIDDLE ST","Southeast","Broadway East",39.30473,-76.58678,"Shed/garage","7:00","p.m."
"90","6/20/2026","Larceny from auto","Outside",NA,"Female","22","Black or African American","Not Hispanic or Latino","10 S CURLEY ST","Southeast","Patterson Park Neighborhood",39.291734,-76.575551,"Street","6:00","a.m."
"91","6/20/2026","Shoplifting","Inside",NA,NA,"None reported","None reported",NA,"2400 N CHARLES ST","Eastern","Old Goucher",39.316765,-76.61649,"Grocery/confection","8:37","p.m."
"92","6/20/2026","Larceny of motor vehicle parts or accessories","Outside",NA,NA,"None reported","None reported",NA,"2200 RUSSELL ST","Southern","Westport",39.263726,-76.634698,"Car lot-new/used","8:00","p.m."
"93","6/25/2026","Larceny from auto","Outside",NA,"Male","27","Black or African American","Unknown","600 CATHEDRAL ST","Central","Mount Vernon",39.296888,-76.617198,"Street","11:17","a.m."
"94","6/25/2026","Larceny of motor vehicle parts or accessories","Outside",NA,"Male","39","Black or African American","Unknown","1100 MONROE CIR","Southern","Curtis Bay",39.231198,-76.593531,"Street","9:31","a.m."
"95","6/25/2026","Larceny from auto","Outside",NA,"Female","19","Black or African American","Not Hispanic or Latino","2300 BRYANT AVE","Western","Auchentoroly-Parkwood",39.316784,-76.648443,"Street","9:52","a.m."
"96","6/25/2026","Larceny","Outside",NA,"Female","24","Black or African American","Not Hispanic or Latino","800 S LINWOOD AVE","Southeast","Canton",39.28276,-76.575365,"Street","10:20","a.m."
"97","6/25/2026","Shoplifting","Inside",NA,NA,"None reported","None reported",NA,"50 MARKET PL","Central","Downtown",39.288213,-76.606474,"Convenience store","4:30","p.m."
"98","6/23/2026","Shoplifting","Inside",NA,NA,"None reported","None reported",NA,"900 N WASHINGTON ST","Southeast","Middle East",39.300779,-76.589972,"Convenience store","3:20","p.m."
"99","6/23/2026","Shoplifting","Inside",NA,NA,"None reported","None reported",NA,"4000 W NORTHERN PKWY","Northwest","Woodmere",39.348955,-76.691027,"Convenience store","3:00","p.m."
"100","6/23/2026","Larceny","Outside",NA,"Female","45","None reported","Unknown","600 CUMBERLAND ST","Western","Sandtown-Winchester",39.309079,-76.641722,"Street","9:00","a.m."
"101","6/25/2026","Shoplifting","Inside",NA,NA,"None reported","None reported",NA,"4000 W NORTHERN PKWY","Northwest","Woodmere",39.348955,-76.691027,"Convenience store","4:57","p.m."
"102","6/25/2026","Larceny from auto","Outside",NA,"Female","67","Black or African American","Not Hispanic or Latino","1000 WOODSON RD","Northeast","Lake Walker",39.370726,-76.601205,"Street","10:30","p.m."
"103","6/25/2026","Larceny from auto","Outside",NA,"Female","36","Black or African American","Not Hispanic or Latino","1000 WOODSON RD","Northeast","Lake Walker",39.370863,-76.601964,"Shed/garage","7:00","p.m."
"104","6/25/2026","Larceny from auto","Outside",NA,"Female","73","Black or African American","Not Hispanic or Latino","1000 WOODSON RD","Northeast","Lake Walker",39.370863,-76.601964,"Shed/garage","7:00","p.m."
"105","6/25/2026","Larceny from auto","Inside",NA,"Female","35","Black or African American","Unknown","2000 FOREST HEIGHTS DR","Northwest","Franklintown",39.307573,-76.707102,"Other/residential","10:00","p.m."
"106","6/25/2026","Larceny","Inside",NA,"Female","39","Black or African American","Not Hispanic or Latino","2700 BOOKERT DR","Southern","Cherry Hill",39.248509,-76.627691,"Other/residential","4:45","p.m."
"107","6/25/2026","Shoplifting","Inside",NA,NA,"None reported","None reported",NA,"3600 POTEE ST","Southern","Brooklyn",39.237839,-76.610903,"Convenience store","5:36","p.m."
"108","6/23/2026","Larceny","Inside",NA,NA,"None reported","None reported",NA,"5300 BRABANT RD","Southwest","Westgate",39.285563,-76.707807,"Other/residential","11:00","p.m."
"109","6/23/2026","Larceny from auto","Outside",NA,"Female","32","White","Not Hispanic or Latino","1400 S HANOVER ST","Southern","South Baltimore",39.272735,-76.615111,"Shed/garage","9:30","p.m."
"110","6/20/2026","Larceny from auto","Outside",NA,"Male","65","Black or African American","Not Hispanic or Latino","1000 S HAVEN ST","Southeast","Brewers Hill",39.280695,-76.562105,"Street","4:50","p.m."
"111","6/20/2026","Larceny","Inside",NA,"Female","30","White","Not Hispanic or Latino","100 S WASHINGTON ST","Southeast","Upper Fells Point",39.290056,-76.589243,"Other/residential","5:15","p.m."
"112","6/17/2026","Larceny from auto","Outside",NA,"Male","33","Black or African American","Unknown","1100 W FRANKLIN ST","Western","Harlem Park",39.294429,-76.635746,"Street","6:00","p.m."
"113","6/17/2026","Larceny from auto","Outside",NA,NA,"None reported","None reported",NA,"4900 BELAIR RD","Northeast","Frankford",39.335725,-76.555463,"Street","5:00","p.m."
"114","6/17/2026","Larceny","Inside",NA,"Male","30","White","Not Hispanic or Latino","500 PARK AVE","Central","Mount Vernon",39.29526,-76.618459,"Other/residential","4:15","p.m."
"115","6/17/2026","Larceny","Inside",NA,NA,"None reported","None reported",NA,"600 W 33RD ST","Northern","Wyman Park",39.327397,-76.627499,"Convenience store","9:47","a.m."
"116","6/17/2026","Larceny from auto","Outside",NA,"Female","25","White","Not Hispanic or Latino","3100 DILLON ST","Southeast","Canton",39.28118,-76.572232,"Street","5:30","a.m."
"117","6/17/2026","Larceny from auto","Outside",NA,"Male","27","White","Not Hispanic or Latino","3100 DILLON ST","Southeast","Canton",39.28118,-76.572232,"Street","5:30","a.m."
"118","6/17/2026","Larceny","Inside",NA,"Female","32","White","Not Hispanic or Latino","1200 S CHARLES ST","Southern","Federal Hill",39.275154,-76.614441,"Other/residential","7:22","p.m."
"119","6/17/2026","Larceny","Outside",NA,"Male","33","Black or African American","Unknown","1100 INTERSTATE AVE","Southeast","Canton Industrial Area",39.279473,-76.552334,"Mini storage lockers","4:00","p.m."
"120","6/17/2026","Larceny","Outside",NA,"Female","23","Black or African American","Not Hispanic or Latino","1100 N LUZERNE AVE","Southeast","Biddle Street",39.30407,-76.581409,"Street","4:00","a.m."
"121","6/26/2026","Larceny from auto","Outside",NA,"Female","51","Black or African American","Unknown","5300 PERRING PKWY","Northeast","Perring Loch",39.353434,-76.578734,"Street","10:00","p.m."
"122","6/27/2026","Larceny from auto","Inside",NA,"Male","25","Unknown","Hispanic or Latino","1000 EDMONDSON AVE","Western","Harlem Park",39.295418,-76.634602,"Other/residential","3:00","a.m."
"123","6/26/2026","Larceny","Inside","Knife/cutting instrument","Female","30","Black or African American","Not Hispanic or Latino","3100 LAWNVIEW AVE","Eastern","Belair-Edison",39.319549,-76.573998,"Other/residential","4:14","a.m."
"124","6/26/2026","Shoplifting","Outside",NA,NA,"None reported","None reported",NA,"5600 REISTERSTOWN RD","Northwest","Reisterstown Station",39.348685,-76.692365,"Gas station","4:30","a.m."
"125","6/26/2026","Larceny from auto","Outside",NA,NA,"None reported","None reported",NA,"700 S BOND ST","Central","Fells Point",39.28332,-76.595365,"Street","11:30","p.m."
"126","6/26/2026","Larceny from auto","Outside",NA,"Male","46","Black or African American","Not Hispanic or Latino","1100 KEY HWY","Southern","Riverside",39.277215,-76.606565,"Street","2:30","p.m."
"127","6/17/2026","Larceny","Inside",NA,NA,"None reported","None reported",NA,"3300 WINTERBOURNE RD","Northwest","Rosemont",39.306296,-76.673527,"Other/residential","2:12","p.m."
"128","6/14/2026","Larceny from auto","Outside",NA,"Female","24","Black or African American","Not Hispanic or Latino","200 S REGESTER ST","Central","Upper Fells Point",39.287974,-76.592298,"Street","5:00","a.m."
"129","6/14/2026","Larceny","Inside",NA,"Female","35","White","Not Hispanic or Latino","1100 S ROBINSON ST","Southeast","Canton",39.279575,-76.571932,"Other/residential","10:42","p.m."
"130","6/15/2026","Larceny","Inside",NA,NA,"None reported","None reported",NA,"2600 W NORTH AVE","Western","Panway/Braddish Avenue",39.309582,-76.660223,"Office building","2:00","a.m."
"131","6/14/2026","Larceny","Inside",NA,"Male","25","White","Unknown","3900 FORDS LN","Northwest","Glen",39.357468,-76.700333,"Other/residential","12:00","p.m."
"132","6/27/2026","Larceny","Inside",NA,NA,"None reported","None reported",NA,"3500 BOSTON ST","Southeast","Canton Industrial Area",39.275969,-76.566959,"Office building","12:15","a.m."
"133","6/26/2026","Larceny","Outside",NA,"Female","43","White","Unknown","1100 S HOWARD ST","Southern","Stadium/Entertainment Area",39.277681,-76.620285,"Shed/garage","8:46","p.m."
"134","6/26/2026","Shoplifting","Inside",NA,NA,"None reported","None reported",NA,"6500 REISTERSTOWN RD","Northwest","Reisterstown Station",39.35655,-76.705596,"Wholesaler/store","5:22","p.m."
"135","6/26/2026","Larceny","Inside",NA,"Male","39","Black or African American","Not Hispanic or Latino","300 W MADISON ST","Central","Mount Vernon",39.298278,-76.620226,"Other/residential","5:48","p.m."
"136","6/14/2026","Shoplifting","Inside",NA,NA,"None reported","None reported",NA,"600 E PRATT ST","Central","Inner Harbor",39.286933,-76.607299,"Convenience store","10:00","p.m."
"137","6/14/2026","Larceny from auto","Outside",NA,"Female","34","White","Not Hispanic or Latino","1200 S HAVEN ST","Southeast","Brewers Hill",39.279368,-76.561752,"Street","1:55","p.m."
"138","6/14/2026","Shoplifting","Inside",NA,NA,"None reported","None reported",NA,"4000 W NORTHERN PKWY","Northwest","Woodmere",39.348955,-76.691027,"Drug store / med  bldg","11:46","p.m."
"139","6/14/2026","Larceny","Outside",NA,"Female","34","Black or African American","Unknown","3200 BELAIR RD","Eastern","Belair-Edison",39.321018,-76.574031,"Street","2:00","p.m."
"140","6/15/2026","Larceny from auto","Outside",NA,"Male","30","Black or African American","Not Hispanic or Latino","100 N MONTFORD AVE","Southeast","Patterson Place",39.293532,-76.58322,"Street","12:00","a.m."
"141","6/15/2026","Larceny from auto","Outside",NA,"Female","44","White","Unknown","1600 W PRATT ST","Southwest","Mount Clare",39.28522,-76.642656,"Street","3:00","a.m."
"142","6/26/2026","Shoplifting","Inside",NA,NA,"None reported","None reported",NA,"4000 W NORTHERN PKWY","Northwest","Woodmere",39.348955,-76.691027,"Drug store / med  bldg","5:38","p.m."
"143","6/26/2026","Larceny","Inside",NA,"Male","43","Black or African American","Unknown","6800 HARFORD RD","Northeast","North Harford Road",39.365006,-76.550826,"Other/residential","10:30","p.m."
"144","6/26/2026","Larceny","Inside",NA,"Female","53","Black or African American","Not Hispanic or Latino","900 N MONTFORD AVE","Southeast","Milton-Montford",39.301355,-76.58366,"Other/residential","2:48","p.m."
"145","6/15/2026","Larceny of motor vehicle parts or accessories","Outside",NA,"Male","29","Asian","Unknown","2600 MADISON AVE","Western","Reservoir Hill",39.315281,-76.641037,"Street","3:00","a.m."
"146","6/14/2026","Larceny","Inside",NA,"Female","23","None reported","Unknown","1100 PARK AVE","Western","Bolton Hill",39.305319,-76.621883,"Other/residential","7:00","p.m."
"147","6/14/2026","Shoplifting","Inside",NA,"Male","59","White","Unknown","3900 BOSTON ST","Southeast","Canton Industrial Area",39.275908,-76.563829,"Wholesaler/store","8:30","p.m."
"148","6/14/2026","Larceny","Outside",NA,"Male","26","White","Unknown","2900 O'DONNELL ST","Southeast","Canton",39.280486,-76.575264,"Street","5:00","a.m."
"149","6/14/2026","Larceny","Outside",NA,"Male","30","None reported","Hispanic or Latino","2500 SOUTHDENE AVE","Southern","Lakeland",39.254833,-76.649157,"Other - outside","8:00","a.m."
"150","6/27/2026","Shoplifting","Inside",NA,NA,"None reported","None reported",NA,"5100 ROLAND AVE","Northern","Wyndhurst",39.355539,-76.634133,"Grocery/confection","3:50","p.m."
"151","6/27/2026","Larceny from auto","Outside",NA,"Male","45","Black or African American","Unknown","1600 E NORTHERN PKWY","Northeast","Loch Raven",39.366149,-76.583341,"Shed/garage","5:00","a.m."
"152","6/27/2026","Larceny","Inside",NA,"Female","32","Black or African American","Not Hispanic or Latino","1500 DRUID HILL AVE","Western","Upton",39.304141,-76.631437,"Other/residential","12:41","p.m."
"153","6/27/2026","Larceny","Inside",NA,"Female","None reported","Black or African American","Not Hispanic or Latino","1800 W BALTIMORE ST","Southwest","Franklin Square",39.288021,-76.645672,"Other/residential","8:43","p.m."
"154","6/28/2026","Larceny","Inside",NA,NA,"None reported","None reported",NA,"5600 THE ALAMEDA","Northeast","Glen Oaks",39.357644,-76.59532,"Other/residential","1:18","a.m."
"155","6/27/2026","Larceny","Inside",NA,"Male","22","Black or African American","Not Hispanic or Latino","1100 N LONGWOOD ST","Western","Franklintown Road",39.301044,-76.667169,"Other/residential","12:45","p.m."
"156","6/14/2026","Shoplifting","Inside",NA,NA,"None reported","None reported",NA,"3700 FLEET ST","Southeast","Brewers Hill",39.285292,-76.565738,"Convenience store","9:28","p.m."
"157","6/23/2026","Larceny","Inside","Personal weapons","Female","43","Black or African American","Unknown","500 SOMERSET ST","Central","Oldtown",39.296244,-76.600999,"Other/residential","4:00","p.m."
"158","6/27/2026","Larceny","Outside",NA,"Male","43","Black or African American","Not Hispanic or Latino","1000 W PATAPSCO AVE","Southern","Cherry Hill",39.246752,-76.635451,"Mini storage lockers","10:00","a.m."
"159","6/27/2026","Larceny","Inside",NA,NA,"None reported","None reported",NA,"900 N WASHINGTON ST","Southeast","Middle East",39.300779,-76.589972,"Wholesaler/store","12:12","p.m."
"160","6/27/2026","Larceny","Inside",NA,"Female","52","White","Not Hispanic or Latino","4500 PARKMONT AVE","Northeast","Cedmont",39.346687,-76.532188,"Other/residential","4:12","p.m."
"161","6/27/2026","Larceny from auto","Outside",NA,NA,"None reported","None reported",NA,"1200 DRUID HILL AVE","Western","Upton",39.301986,-76.62828,"Shed/garage","7:30","p.m."
"162","6/28/2026","Larceny","Inside",NA,NA,"None reported","None reported",NA,"200 REEDBIRD AVE","Southern","Cherry Hill",39.24869,-76.616643,"Convenience store","2:30","p.m."
"163","6/28/2026","Shoplifting","Inside",NA,NA,"None reported","None reported",NA,"900 N WASHINGTON ST","Southeast","Middle East",39.300779,-76.589972,"Drug store / med  bldg","5:40","p.m."
"164","6/28/2026","Larceny from auto","Outside",NA,"Male","28","Black or African American","Not Hispanic or Latino","3000 E LOMBARD ST","Southeast","Patterson Park Neighborhood",39.291192,-76.574624,"Street","11:00","p.m."
"165","6/28/2026","Larceny of motor vehicle parts or accessories","Outside",NA,"Male","37","White","Not Hispanic or Latino","500 S ROBINSON ST","Southeast","Canton",39.285791,-76.572339,"Street","10:30","p.m."
"166","6/28/2026","Larceny","Inside",NA,"Female","46","Black or African American","Not Hispanic or Latino","10 E CENTRE ST","Central","Mount Vernon",39.296258,-76.614478,"Other/residential","2:13","p.m."
"167","6/28/2026","Larceny from auto","Outside",NA,"Female","34","Black or African American","Not Hispanic or Latino","1600 N BRADFORD ST","Eastern","Broadway East",39.309239,-76.585226,"Street","1:00","p.m."
"168","6/23/2026","Larceny from auto","Outside",NA,"Female","29","Black or African American","Unknown","2000 GOUGH ST","Central","Upper Fells Point",39.288072,-76.587908,"Street","6:50","a.m."
"169","6/23/2026","Larceny from auto","Outside",NA,"Male","26","None reported","Hispanic or Latino","1 N HIGHLAND AVE","Southeast","Baltimore Highlands",39.292855,-76.56925,"Street","2:30","p.m."
"170","6/24/2026","Shoplifting","Inside",NA,NA,"None reported","None reported",NA,"5000 YORK RD","Northern","Winston-Govans",39.34981,-76.609412,"Office building","12:15","a.m."
"171","6/23/2026","Shoplifting","Inside",NA,NA,"None reported","None reported",NA,"2300 OREM AVE","Western","Auchentoroly-Parkwood",39.31637,-76.647265,"Convenience store","11:50","p.m."
"172","6/29/2026","Larceny from auto","Outside",NA,"Female","29","Black or African American","Not Hispanic or Latino","2700 WINCHESTER ST","Western","Winchester",39.301582,-76.661931,"Street","1:30","a.m."
"173","6/23/2026","Larceny","Inside",NA,"Female","22","Black or African American","Unknown","3700 CENTRE PL","Southeast","Baltimore Highlands",39.29069,-76.566007,"Other/residential","2:40","p.m."
"174","6/23/2026","Shoplifting","Inside",NA,NA,"None reported","None reported",NA,"600 S EXETER ST","Central","Harbor East",39.283869,-76.600476,"Drug store / med  bldg","1:20","p.m."
"175","6/23/2026","Larceny from auto","Outside",NA,"Male","57","White","Not Hispanic or Latino","700 S ANN ST","Central","Fells Point",39.283215,-76.591507,"Street","10:00","a.m."
"176","6/23/2026","Larceny from auto","Inside",NA,"Female","33","Black or African American","Not Hispanic or Latino","300 CATHEDRAL ST","Central","Downtown",39.293619,-76.616704,"Other/residential","10:30","p.m."
"177","6/23/2026","Larceny from auto","Inside",NA,"Female","77","Black or African American","Unknown","1600 NORTHWICK RD","Northeast","Hillen",39.343708,-76.588528,"Other/residential","9:00","p.m."
"178","6/23/2026","Shoplifting","Inside",NA,NA,"None reported","None reported",NA,"4100 PULASKI HWY","Southeast","Kresson",39.296926,-76.562615,"Wholesaler/store","9:00","p.m."
"179","6/29/2026","Shoplifting","Inside",NA,NA,"None reported","None reported",NA,"1100 W 41ST ST","Northern","Hampden",39.337695,-76.636716,"Convenience store","2:05","a.m."
"180","6/24/2026","Shoplifting","Inside",NA,NA,"None reported","None reported",NA,"4600 LIBERTY HEIGHTS AVE","Northwest","Howard Park",39.330128,-76.695675,"Grocery/confection","9:45","p.m."
"181","6/20/2026","Shoplifting","Inside",NA,NA,"None reported","None reported",NA,"3200 E FAYETTE ST","Southeast","Ellwood Park/Monument",39.294993,-76.571672,"Grocery/confection","11:28","p.m."
"182","6/20/2026","Shoplifting","Inside",NA,NA,"None reported","None reported",NA,"900 E FORT AVE","Southern","Riverside",39.27037,-76.601868,"Convenience store","11:00","p.m."
"183","6/24/2026","Larceny","Outside",NA,NA,"None reported","None reported",NA,"3300 WINTERBOURNE RD","Northwest","Rosemont",39.305384,-76.673288,"Street","7:00","p.m."
"184","6/24/2026","Larceny","Inside",NA,"Male","53","Black or African American","Unknown","1500 LESTER MORTON CT","Central","Gay Street",39.298471,-76.596603,"Other/residential","9:30","p.m."
"185","6/24/2026","Shoplifting","Inside",NA,NA,"None reported","None reported",NA,"6300 YORK RD","Northern","Lake Walker",39.371499,-76.609362,"Drug store / med  bldg","4:13","p.m."
"186","6/24/2026","Larceny","Inside",NA,NA,"None reported","None reported",NA,"400 E PRATT ST","Central","Inner Harbor",39.287036,-76.609326,"Drug store / med  bldg","3:55","p.m."
"187","6/24/2026","Shoplifting","Inside",NA,NA,"None reported","None reported",NA,"4000 W NORTHERN PKWY","Northwest","Woodmere",39.348955,-76.691027,"Convenience store","4:04","p.m."
"188","6/24/2026","Larceny","Inside","Personal weapons",NA,"None reported","None reported",NA,"1500 HARFORD AVE","Eastern","Oliver",39.307711,-76.600472,"Office building","11:09","p.m."
"189","6/20/2026","Larceny of motor vehicle parts or accessories","Outside",NA,"Male","40","Black or African American","Not Hispanic or Latino","900 S LAKEWOOD AVE","Southeast","Canton",39.281439,-76.578537,"Street","1:15","p.m."
"190","6/25/2026","Shoplifting","Inside",NA,NA,"None reported","None reported",NA,"5300 YORK RD","Northern","Homeland",39.355285,-76.610108,"Convenience store","1:12","a.m."
"191","6/24/2026","Larceny","Inside",NA,"Male","36","Black or African American","Unknown","3700 ELM AVE","Northern","Hampden",39.334199,-76.631234,"Other/residential","1:30","p.m."
"192","6/24/2026","Shoplifting","Inside",NA,NA,"None reported","None reported",NA,"2200 E MONUMENT ST","Southeast","Middle East",39.298873,-76.585416,"Wholesaler/store","8:00","p.m."
"193","6/24/2026","Larceny from auto","Outside",NA,"Male","60","Black or African American","Unknown","700 N CARROLLTON AVE","Western","Harlem Park",39.297054,-76.636933,"Street","6:30","a.m."
"194","6/24/2026","Larceny","Inside",NA,NA,"None reported","None reported",NA,"4000 W NORTHERN PKWY","Northwest","Woodmere",39.348955,-76.691027,"Convenience store","8:45","p.m."
"195","6/25/2026","Larceny","Inside","Personal weapons","Female","21","None reported","Hispanic or Latino","3200 MCELDERRY ST","Southeast","Ellwood Park/Monument",39.298291,-76.571878,"Other/residential","3:00","a.m."
"196","6/25/2026","Larceny from auto","Outside",NA,"Male","40","None reported","Not Hispanic or Latino","4700 LIBERTY HEIGHTS AVE","Northwest","Howard Park",39.331801,-76.69624,"Street","3:30","a.m."
"197","6/18/2026","Shoplifting","Inside",NA,NA,"None reported","None reported",NA,"3200 ST PAUL STREET","Northern","Charles Village",39.327957,-76.615745,"Restaurant","2:15","a.m."
"198","6/17/2026","Shoplifting","Inside",NA,NA,"None reported","None reported",NA,"600 E PRATT ST","Central","Inner Harbor",39.286933,-76.607299,"Wholesaler/store","1:40","p.m."
"199","6/17/2026","Shoplifting","Inside",NA,NA,"None reported","None reported",NA,"4000 W NORTHERN PKWY","Northwest","Woodmere",39.348955,-76.691027,"Convenience store","12:20","p.m."
"200","6/17/2026","Larceny of motor vehicle parts or accessories","Outside",NA,NA,"None reported","None reported",NA,"2900 HILLSDALE RD","Northwest","Forest Park Golf Course",39.321691,-76.698415,"Shed/garage","7:45","p.m."
"201","6/29/2026","Larceny","Inside",NA,"Male","29","White","Not Hispanic or Latino","1700 CLARKSON ST","Southern","South Baltimore",39.27037,-76.61583,"Other/residential","11:18","p.m."
"202","6/17/2026","Larceny from auto","Outside",NA,"Male","28","White","Not Hispanic or Latino","2900 WATERVIEW AVE","Southern","Westport",39.258657,-76.633668,"Street","5:55","p.m."
"203","6/17/2026","Shoplifting","Inside",NA,NA,"None reported","None reported",NA,"4000 W NORTHERN PKWY","Northwest","Woodmere",39.348955,-76.691027,"Drug store / med  bldg","7:40","p.m."
"204","6/17/2026","Larceny","Inside",NA,"Female","54","Black or African American","Not Hispanic or Latino","1200 S CHARLES ST","Southern","Federal Hill",39.275309,-76.614445,"Other/residential","7:23","p.m."
"205","6/29/2026","Larceny","Inside",NA,"Female","68","Black or African American","Unknown","300 N CHARLES ST","Central","Downtown",39.293153,-76.615568,"Office building","5:30","p.m."
"206","6/14/2026","Larceny","Outside",NA,"Female","25","Black or African American","Not Hispanic or Latino","3000 SWANN DR","Northern","Druid Hill Park",39.315656,-76.640912,"Stadium","2:40","a.m."
"207","6/13/2026","Shoplifting","Inside",NA,NA,"None reported","None reported",NA,"100 W 39TH ST","Northern","Tuscany-Canterbury",39.336554,-76.622801,"Convenience store","7:37","p.m."
"208","6/13/2026","Shoplifting","Inside",NA,NA,"None reported","None reported",NA,"4000 W NORTHERN PKWY","Northwest","Woodmere",39.348955,-76.691027,"Drug store / med  bldg","8:30","p.m."
"209","6/29/2026","Larceny from auto","Outside",NA,"Female","38","White","Unknown","4000 PARK HEIGHTS AVE","Northern","Central Park Heights",39.334488,-76.663073,"Street","8:30","a.m."
"210","6/28/2026","Larceny","Inside",NA,NA,"None reported","None reported",NA,"400 E PRATT ST","Central","Inner Harbor",39.287036,-76.609326,"Specialty store","4:22","p.m."
"211","6/27/2026","Larceny from auto","Outside",NA,"Male","27","Black or African American","Not Hispanic or Latino","400 E SARATOGA ST","Central","Downtown",39.292752,-76.610087,"Shed/garage","6:40","a.m."
"212","6/13/2026","Larceny","Outside",NA,"Male","31","Black or African American","Not Hispanic or Latino","1600 W NORTH AVE","Western","Penn North",39.310226,-76.643424,"Street","8:45","p.m."
"213","6/27/2026","Larceny from auto","Inside",NA,"Male","35","White","Not Hispanic or Latino","1000 PINE HEIGHTS AVE","Southern","Violetville",39.269647,-76.675495,"Other/residential","8:00","p.m."
"214","6/27/2026","Shoplifting","Inside",NA,NA,"None reported","None reported",NA,"4000 W NORTHERN PKWY","Northwest","Woodmere",39.348955,-76.691027,"Drug store / med  bldg","8:23","p.m."
"215","6/27/2026","Larceny","Inside",NA,"Female","63","Black or African American","Not Hispanic or Latino","3400 TERESA CT","Eastern","Belair-Edison",39.324251,-76.574514,"Other/residential","9:10","p.m."
"216","6/13/2026","Larceny from auto","Outside",NA,"Male","40","None reported","Hispanic or Latino","100 N PORT ST","Southeast","Patterson Place",39.293875,-76.58282,"Street","10:00","p.m."
"217","6/13/2026","Larceny","Outside",NA,"Male","40","None reported","Hispanic or Latino","100 N PORT ST","Southeast","Patterson Place",39.293875,-76.58282,"Street","10:00","p.m."
"218","6/23/2026","Shoplifting","Inside",NA,NA,"None reported","None reported",NA,"1000 W 41ST ST","Northern","Hoes Heights",39.3382,-76.63457,"Office building","8:40","p.m."
"219","6/27/2026","Larceny","Inside",NA,"Male","33","White","Not Hispanic or Latino","800 HOLLINS ST","Southwest","Hollins Market",39.287824,-76.628867,"Other/residential","3:40","p.m."
"220","6/27/2026","Larceny from auto","Inside",NA,"Male","59","Black or African American","Unknown","20 W 27TH ST","Northern","Charles Village",39.320477,-76.618018,"Other/residential","4:00","a.m."
"221","6/27/2026","Larceny from auto","Outside",NA,"Male","33","Black or African American","Not Hispanic or Latino","2500 ALLENDALE RD","Northwest","Garwyn Oaks",39.316342,-76.680807,"Street","4:00","a.m."
"222","6/27/2026","Larceny","Inside",NA,"Female","56","White","Not Hispanic or Latino","1000 RIVERSIDE AVE","Southern","Federal Hill",39.277605,-76.609221,"Other/residential","6:41","p.m."
"223","6/27/2026","Larceny","Inside",NA,"Female","57","Black or African American","Not Hispanic or Latino","3200 BAKER ST","Northwest","Rosemont",39.305958,-76.67134,"Other/residential","7:29","p.m."
"224","6/27/2026","Larceny from auto","Outside",NA,"Male","29","White","Not Hispanic or Latino","1500 LIGHT ST","Southern","Riverside",39.27235,-76.611544,"Street","4:00","a.m."
"225","6/23/2026","Shoplifting","Inside",NA,NA,"None reported","None reported",NA,"1000 W 41ST ST","Northern","Hoes Heights",39.3382,-76.63457,"Wholesaler/store","3:30","p.m."
"226","6/23/2026","Shoplifting","Inside",NA,NA,"None reported","None reported",NA,"7300 HARFORD RD","Northeast","North Harford Road",39.370453,-76.546098,"Convenience store","3:36","p.m."
"227","6/23/2026","Larceny from auto","Outside",NA,"Female","48","Black or African American","Not Hispanic or Latino","6500 RIVERVIEW AVE","Southeast","Saint Helena",39.25763,-76.531379,"Street","5:45","a.m."
"228","6/23/2026","Shoplifting","Inside",NA,NA,"None reported","None reported",NA,"600 EXETER HALL AVE","Northern","Better Waverly",39.323144,-76.608323,"Drug store / med  bldg","1:38","p.m."
"229","6/28/2026","Larceny from auto","Inside",NA,"Male","24","Black or African American","Not Hispanic or Latino","1100 GREENMOUNT AVE","Central","Johnston Square",39.302812,-76.607867,"Other/residential","3:30","a.m."
"230","6/27/2026","Larceny","Inside",NA,"Female","21","Black or African American","Not Hispanic or Latino","600 SOUTH PRESIDENT STREET","Central","Harbor East",39.284018,-76.601767,"Restaurant","9:00","p.m."
"231","6/27/2026","Larceny from auto","Outside",NA,"Female","25","Black or African American","Not Hispanic or Latino","4700 O'DONNELL ST","Southeast","Greektown",39.281102,-76.555841,"Street","4:00","a.m."
"232","6/27/2026","Larceny from auto","Outside",NA,"Male","27","Black or African American","Not Hispanic or Latino","4700 O'DONNELL ST","Southeast","Greektown",39.281102,-76.555841,"Street","4:00","a.m."
"233","6/28/2026","Larceny from auto","Outside",NA,"Female","37","White","Not Hispanic or Latino","2200 GOUGH ST","Central","Upper Fells Point",39.288113,-76.585835,"Street","3:48","a.m."
"234","6/26/2026","Shoplifting","Inside",NA,NA,"None reported","None reported",NA,"6500 REISTERSTOWN RD","Northwest","Reisterstown Station",39.35655,-76.705596,"Wholesaler/store","5:06","p.m."
"235","6/27/2026","Larceny","Inside",NA,"Female","32","None reported","Unknown","3000 W COLD SPRING LN","Northern","Towanda-Grantley",39.336996,-76.672008,"Other/residential","12:00","a.m."
"236","6/26/2026","Larceny","Outside",NA,"Male","44","White","Unknown","2700 WASHINGTON BLVD","Southern","Morrell Park",39.264523,-76.654947,"Street","4:00","a.m."
"237","6/27/2026","Larceny from auto","Outside",NA,"Male","59","White","Not Hispanic or Latino","300 E CHASE ST","Central","Mid-Town Belvedere",39.302612,-76.611492,"Street","12:00","a.m."
"238","6/23/2026","Larceny from auto","Inside",NA,"Male","52","White","Not Hispanic or Latino","5000 BLYTHEWOOD RD","Northern","Wyndhurst",39.354548,-76.627831,"Other/residential","8:00","p.m."
"239","6/23/2026","Shoplifting","Inside",NA,"Female","33","Black or African American","Not Hispanic or Latino","600 S EXETER ST","Central","Harbor East",39.283869,-76.600476,"Specialty store","1:15","p.m."
"240","6/23/2026","Larceny","Inside",NA,"Female","61","Black or African American","Not Hispanic or Latino","5400 YORK RD","Northern","Homeland",39.356668,-76.610143,"Other/residential","3:30","p.m."
"241","6/27/2026","Larceny from auto","Inside",NA,"Female","30","None reported","Unknown","900 N CENTRAL AVE","Central","Oldtown",39.300576,-76.600061,"Other/residential","5:00","p.m."
"242","6/27/2026","Larceny of motor vehicle parts or accessories","Outside",NA,"Male","59","White","Unknown","900 S DECKER AVE","Southeast","Canton",39.281639,-76.573213,"Street","5:30","p.m."
"243","6/24/2026","Larceny","Inside",NA,"Male","57","White","Not Hispanic or Latino","100 S CALHOUN ST","Southwest","Union Square",39.28575,-76.639207,"Other/residential","12:30","a.m."
"244","6/23/2026","Larceny","Inside",NA,"Male","43","Black or African American","Not Hispanic or Latino","5300 EASTBURY AVE","Northeast","Frankford",39.321978,-76.550177,"Other/residential","4:00","a.m."
"245","6/20/2026","Larceny from auto","Outside",NA,"Male","25","White","Not Hispanic or Latino","4400 MORAVIA RD","Northeast","Frankford",39.327637,-76.556526,"Shed/garage","9:30","p.m."
"246","6/20/2026","Larceny from auto","Outside",NA,"Male","None reported","White","Not Hispanic or Latino","3200 FOSTER AVE","Southeast","Canton",39.284296,-76.570272,"Street","5:00","p.m."
"247","6/27/2026","Shoplifting","Inside",NA,NA,"None reported","None reported",NA,"2800 HILLEN RD","Eastern","Coldstream Homestead Montebello",39.324175,-76.588257,"Convenience store","9:50","p.m."
"248","6/27/2026","Larceny of motor vehicle parts or accessories","Inside",NA,"Male","32","White","Not Hispanic or Latino","1200 S LINWOOD AVE","Southeast","Canton",39.278484,-76.575482,"Other/residential","9:30","p.m."
"249","6/26/2026","Larceny from auto","Inside",NA,"Female","72","Black or African American","Unknown","1600 N GILMOR ST","Western","Sandtown-Winchester",39.307864,-76.643668,"Other/residential","11:00","p.m."
"250","6/26/2026","Shoplifting","Inside",NA,NA,"None reported","None reported",NA,"3700 FLEET ST","Southeast","Brewers Hill",39.285292,-76.565738,"Convenience store","11:25","p.m."
"251","6/27/2026","Larceny from auto","Outside",NA,"Female","57","Black or African American","Not Hispanic or Latino","1200 ARGONNE DR","Northeast","Original Northwood",39.339458,-76.596003,"Street","12:00","a.m."
"252","6/26/2026","Larceny","Outside",NA,"Male","51","None reported","Unknown","2700 LIGHTHOUSE PT E","Southeast","Canton",39.278173,-76.578036,"Street","8:30","p.m."
"253","6/21/2026","Larceny of motor vehicle parts or accessories","Outside",NA,"Male","46","Black or African American","Not Hispanic or Latino","700 BEAVERBROOK RD","Northern","Mid-Govans",39.358059,-76.605072,"Street","12:00","a.m."
"254","6/20/2026","Larceny","Inside",NA,"Male","35","Black or African American","Not Hispanic or Latino","3000 BRIGHTON ST","Northwest","Rosemont",39.305032,-76.667752,"Other/residential","8:00","p.m."
"255","6/21/2026","Larceny from auto","Outside",NA,"Female","38","Black or African American","Hispanic or Latino","3200 NOBLE ST","Southeast","Patterson Park Neighborhood",39.293014,-76.571858,"Street","12:00","a.m."
"256","6/20/2026","Larceny from auto","Outside",NA,"Male","62","None reported","Unknown","1400 TRACTION ST","Western","Penn North",39.312216,-76.640832,"Street","10:00","p.m."
"257","6/20/2026","Larceny","Inside",NA,NA,"None reported","None reported",NA,"1800 WASHINGTON BLVD","Southern","Carroll - Camden Industrial Area",39.275107,-76.642094,"Convenience store","7:30","p.m."
"258","6/20/2026","Larceny from auto","Outside",NA,"Male","36","Black or African American","Unknown","2500 E OLIVER ST","Eastern","Berea",39.307833,-76.581749,"Street","6:00","a.m."
"259","6/20/2026","Shoplifting","Inside",NA,NA,"None reported","None reported",NA,"900 N CAROLINE ST","Central","Gay Street",39.301159,-76.597047,"Wholesaler/store","7:50","p.m."
"260","6/26/2026","Shoplifting","Inside",NA,NA,"None reported","None reported",NA,"4400 HARFORD RD","Northeast","Beverly Hills",39.339412,-76.571599,"Grocery/confection","9:55","p.m."
"261","6/27/2026","Larceny","Outside",NA,"Female","37","Black or African American","Not Hispanic or Latino","7200 HARFORD RD","Northeast","North Harford Road",39.368255,-76.548005,"Street","1:00","a.m."
"262","6/26/2026","Larceny from auto","Outside",NA,"Female","23","Black or African American","Not Hispanic or Latino","700 EVESHAM AVE","Northeast","Chinquapin Park",39.363796,-76.605341,"Street","10:30","p.m."
"263","6/26/2026","Larceny from auto","Outside",NA,"Male","41","White","Not Hispanic or Latino","100 E MOUNT ROYAL AVE","Central","Mid-Town Belvedere",39.30533,-76.614402,"Street","3:00","a.m."
"264","6/25/2026","Shoplifting","Inside",NA,NA,"None reported","None reported",NA,"3500 BOSTON ST","Southeast","Canton Industrial Area",39.275969,-76.566959,"Wholesaler/store","7:03","p.m."
"265","6/25/2026","Larceny","Inside",NA,"Male","33","White","Not Hispanic or Latino","1600 ELMTREE ST","Southern","Curtis Bay",39.224431,-76.587455,"Other/residential","7:40","a.m."
"266","6/26/2026","Shoplifting","Inside",NA,NA,"None reported","None reported",NA,"4000 W NORTHERN PKWY","Northwest","Woodmere",39.348955,-76.691027,"Convenience store","12:15","a.m."
"267","6/20/2026","Shoplifting","Inside",NA,NA,"None reported","None reported",NA,"1000 W 41ST ST","Northern","Hoes Heights",39.338622,-76.635202,"Grocery/confection","8:30","p.m."
"268","6/20/2026","Shoplifting","Inside",NA,NA,"None reported","None reported",NA,"2700 REMINGTON AVE","Northern","Remington",39.320482,-76.621094,"Drug store / med  bldg","9:30","p.m."
"269","6/20/2026","Shoplifting","Inside",NA,NA,"None reported","None reported",NA,"3500 BOSTON ST","Southeast","Canton Industrial Area",39.274838,-76.56655,"Wholesaler/store","9:30","p.m."
"270","6/17/2026","Shoplifting","Outside",NA,NA,"None reported","None reported",NA,"2700 WASHINGTON BLVD","Southern","Morrell Park",39.264523,-76.654947,"Gas station","1:14","p.m."
"271","6/16/2026","Larceny from auto","Outside",NA,NA,"None reported","None reported",NA,"1500 N FULTON AVE","Western","Sandtown-Winchester",39.305411,-76.645866,"Street","8:40","p.m."
"272","6/16/2026","Larceny of motor vehicle parts or accessories","Inside",NA,"Female","24","Unknown","Hispanic or Latino","3000 CHESTERFIELD AVE","Eastern","Belair-Edison",39.323899,-76.568788,"Other/residential","1:00","p.m."
"273","6/16/2026","Larceny from auto","Outside",NA,"Female","21","White","Not Hispanic or Latino","1600 E FORT AVE","Southern","Locust Point",39.268206,-76.591679,"Street","11:45","p.m."
"274","6/25/2026","Larceny","Inside",NA,"Female","35","Black or African American","Unknown","900 ALLENDALE ST","Southwest","Edgewood",39.298282,-76.67885,"Other/residential","12:28","p.m."
"275","6/16/2026","Larceny from auto","Outside",NA,"Male","46","White","Not Hispanic or Latino","2000 FOUNTAIN ST","Central","Fells Point",39.284199,-76.588529,"Shed/garage","9:00","p.m."
"276","6/16/2026","Larceny","Inside",NA,"Female","55","Black or African American","Unknown","700 POPLAR GROVE ST","Western","Franklintown Road",39.296621,-76.665232,"Other/residential","4:00","a.m."
"277","6/16/2026","Larceny","Inside",NA,"Male","72","Black or African American","Not Hispanic or Latino","2900 BAKER ST","Northwest","Northwest Community Action",39.305741,-76.666637,"Other/residential","6:00","p.m."
"278","6/16/2026","Larceny from auto","Outside",NA,"Male","50","White","Not Hispanic or Latino","300 S EAST AVE","Southeast","Highlandtown",39.288236,-76.571842,"Street","4:00","a.m."
"279","6/17/2026","Shoplifting","Inside",NA,NA,"None reported","None reported",NA,"3700 FLEET ST","Southeast","Brewers Hill",39.285292,-76.565738,"Convenience store","2:30","a.m."
"280","6/16/2026","Larceny of motor vehicle parts or accessories","Outside",NA,NA,"None reported","None reported",NA,"2900 HILLSDALE RD","Northwest","Forest Park Golf Course",39.321691,-76.698415,"Shed/garage","7:30","p.m."
"281","6/26/2026","Larceny from auto","Inside",NA,"Female","60","White","Not Hispanic or Latino","3000 O'DONNELL ST","Southeast","Canton",39.280571,-76.572824,"Other/residential","3:00","p.m."
"282","6/26/2026","Larceny of motor vehicle parts or accessories","Outside",NA,"Male","49","Black or African American","Unknown","200 ST PAUL PLACE","Central","Downtown",39.2914,-76.614167,"Shed/garage","10:00","a.m."
"283","6/17/2026","Larceny from auto","Outside",NA,"Male","32","White","Not Hispanic or Latino","400 N MILTON AVE","Southeast","Mcelderry Park",39.295728,-76.582289,"Shed/garage","1:30","a.m."
"284","6/13/2026","Shoplifting","Inside",NA,NA,"None reported","None reported",NA,"2200 E MONUMENT ST","Southeast","Middle East",39.298873,-76.585416,"Wholesaler/store","3:40","p.m."
"285","6/26/2026","Larceny","Inside",NA,"Male","71","White","Not Hispanic or Latino","1200 QUANTRIL WAY","Eastern","Armistead Gardens",39.307888,-76.552204,"Other/residential","2:00","p.m."
"286","6/26/2026","Larceny from auto","Outside",NA,"Male","43","Black or African American","Not Hispanic or Latino","1000 CEDARCROFT RD","Northeast","Lake Walker",39.369466,-76.600341,"Street","5:00","a.m."
"287","6/13/2026","Larceny","Inside",NA,"Male","30","White","Not Hispanic or Latino","500 S GLOVER ST","Southeast","Canton",39.285445,-76.579467,"Other/residential","6:00","p.m."
"288","6/13/2026","Larceny from auto","Outside",NA,"Male","19","White","Unknown","2100 DRUID PARK DR","Northern","Woodberry",39.331505,-76.651004,"Street","8:00","a.m."
"289","6/26/2026","Larceny from auto","Outside",NA,"Female","69","Black or African American","Unknown","3300 ALTO RD","Northwest","Hanlon-Longwood",39.317215,-76.673267,"Street","9:00","p.m."
"290","6/26/2026","Larceny","Inside",NA,"Male","66","White","Not Hispanic or Latino","3000 BENSON AVE","Southern","Wilhelm Park",39.274456,-76.664917,"Other/residential","7:00","p.m."
"291","6/26/2026","Larceny from auto","Outside",NA,"Female","23","Black or African American","Not Hispanic or Latino","700 EVESHAM AVE","Northeast","Chinquapin Park",39.363796,-76.605341,"Street","10:30","p.m."
"292","6/26/2026","Larceny","Outside",NA,"Male","74","White","Not Hispanic or Latino","3000 FALLS RD","Northern","Jones Falls Area",39.322817,-76.630224,"Shed/garage","6:30","p.m."
"293","6/26/2026","Larceny","Outside",NA,"Male","17","None reported","Unknown","300 W SARATOGA ST","Central","Downtown",39.292945,-76.619742,"Street","8:00","p.m."
"294","6/13/2026","Shoplifting","Inside",NA,NA,"None reported","None reported",NA,"3500 BOSTON ST","Southeast","Canton Industrial Area",39.274838,-76.56655,"Wholesaler/store","6:20","p.m."
"295","6/13/2026","Larceny","Inside",NA,"Male","36","Native Hawaiian or other Pacific Islander","Unknown","1100 PENNSYLVANIA AVE","Western","Upton",39.299469,-76.629334,"Convenience store","11:33","a.m."
"296","6/13/2026","Shoplifting","Inside",NA,NA,"None reported","None reported",NA,"5200 HARFORD RD","Northeast","Lauraville",39.350028,-76.563961,"Convenience store","7:10","p.m."
"297","6/13/2026","Larceny from auto","Outside",NA,"Male","49","Black or African American","Not Hispanic or Latino","600 N ROSEDALE ST","Western","Franklintown Road",39.29462,-76.66846,"Street","9:00","p.m."
"298","6/13/2026","Larceny","Inside",NA,"Male","40","Black or African American","Not Hispanic or Latino","2800 WINCHESTER ST","Western","Winchester",39.301516,-76.663796,"Other/residential","7:39","p.m."
"299","6/23/2026","Larceny","Inside",NA,"Female","39","White","Unknown","5700 ANTHONY AVE","Northeast","Frankford",39.340618,-76.541145,"Other/residential","7:00","p.m."
"300","6/28/2026","Larceny from auto","Inside",NA,"Female","56","Black or African American","Unknown","1700 N CHESTER ST","Eastern","Broadway East",39.309966,-76.588247,"Religious  institution","3:30","p.m."
"301","6/28/2026","Larceny from auto","Outside",NA,"Male","36","White","Not Hispanic or Latino","200 S WOLFE ST","Central","Upper Fells Point",39.289307,-76.590383,"Street","4:00","a.m."
"302","6/28/2026","Larceny of motor vehicle parts or accessories","Outside",NA,"Male","67","White","Not Hispanic or Latino","600 S ROBINSON ST","Southeast","Canton",39.285072,-76.572292,"Street","7:00","p.m."
"303","6/26/2026","Larceny","Inside",NA,"Male","38","None reported","Hispanic or Latino","6200 ERDMAN AVE","Southeast","Pulaski Industrial Area",39.301091,-76.542872,"Warehouse","7:00","p.m."
"304","6/23/2026","Shoplifting","Inside",NA,NA,"None reported","None reported",NA,"5800 YORK RD","Northern","Belvedere",39.362089,-76.609609,"Wholesaler/store","8:00","p.m."
"305","6/23/2026","Larceny from auto","Outside",NA,"Female","54","Black or African American","Unknown","1900 E FAYETTE ST","Southeast","Care",39.294271,-76.589464,"Shed/garage","10:09","a.m."
"306","6/23/2026","Shoplifting","Inside",NA,NA,"None reported","None reported",NA,"30 LIGHT ST","Central","Downtown",39.287883,-76.61386,"Convenience store","7:40","a.m."
"307","6/23/2026","Larceny from auto","Outside",NA,"Female","19","Black or African American","Unknown","1100 E BELVEDERE AVE","Northeast","Glen Oaks",39.360204,-76.595915,"Street","11:40","p.m."
"308","6/23/2026","Larceny","Inside",NA,NA,"None reported","None reported",NA,"1500 SAINT PAUL ST","Eastern","Charles North",39.306597,-76.61441,"Office building","8:28","p.m."
"309","6/29/2026","Larceny","Inside",NA,"Female","51","Black or African American","Not Hispanic or Latino","1300 POPLAR GROVE ST","Western","Winchester",39.302198,-76.665509,"Convenience store","1:00","a.m."
"310","6/27/2026","Larceny from auto","Outside",NA,"Female","34","Black or African American","Unknown","3300 E BALTIMORE ST","Southeast","Patterson Park Neighborhood",39.292601,-76.570136,"Street","5:30","a.m."
"311","6/23/2026","Larceny","Inside",NA,"Female","62","Black or African American","Not Hispanic or Latino","200 N LAKEWOOD AVE","Southeast","Mcelderry Park",39.295198,-76.57942,"School","11:30","p.m."
"312","6/23/2026","Larceny","Inside",NA,NA,"None reported","None reported",NA,"1100 BRADDISH AVE","Western","Bridgeview/Greenlawn",39.300559,-76.659531,"School","3:45","p.m."
"313","6/23/2026","Larceny from auto","Outside",NA,NA,"None reported","None reported",NA,"200 S CHESTER ST","Central","Upper Fells Point",39.289174,-76.587438,"Street","2:00","p.m."
"314","6/27/2026","Larceny","Inside",NA,"Male","56","White","Unknown","1900 BREITWERT AVE","Southern","Morrell Park",39.267317,-76.648945,"Other/residential","4:50","p.m."
"315","6/27/2026","Larceny from auto","Outside",NA,"Male","25","Black or African American","Unknown","5700 THE ALAMEDA","Northeast","Glen Oaks",39.361648,-76.594584,"Shed/garage","6:00","a.m."
"316","6/27/2026","Larceny","Inside",NA,"Male","22","Unknown","Hispanic or Latino","600 E PRATT ST","Central","Inner Harbor",39.286933,-76.607299,"Wholesaler/store","6:50","p.m."
"317","6/25/2026","Larceny","Inside",NA,"Female","27","White","Hispanic or Latino","1700 N BROADWAY","Eastern","Oliver",39.309685,-76.595297,"Other/residential","8:00","p.m."
"318","6/25/2026","Larceny from auto","Outside",NA,"Female","46","Black or African American","Not Hispanic or Latino","3100 PIEDMONT AVE","Northwest","Hanlon-Longwood",39.316693,-76.671027,"Street","7:00","p.m."
"319","6/25/2026","Larceny","Inside",NA,"Female","26","White","Not Hispanic or Latino","1200 E MADISON ST","Central","Oldtown",39.299337,-76.600326,"Other/residential","4:00","a.m."
"320","6/26/2026","Shoplifting","Inside",NA,NA,"None reported","None reported",NA,"5500 REISTERSTOWN RD","Northwest","Woodmere",39.348187,-76.691403,"Convenience store","2:37","a.m."
"321","6/23/2026","Larceny","Inside",NA,"Male","41","Black or African American","Not Hispanic or Latino","1600 DARLEY AVE","Eastern","Darley Park",39.314533,-76.595005,"Other/residential","4:13","p.m."
"322","6/23/2026","Larceny","Inside",NA,"Female","75","Black or African American","Unknown","4700 ELISON AVE","Northeast","Parkside",39.322814,-76.553687,"Other/residential","2:51","p.m."
"323","6/25/2026","Shoplifting","Inside",NA,NA,"None reported","None reported",NA,"3600 POTEE ST","Southern","Brooklyn",39.237839,-76.610903,"Convenience store","7:17","p.m."
"324","6/25/2026","Larceny from auto","Outside",NA,"Female","34","Black or African American","Unknown","2100 ASHLAND AVE","Southeast","Middle East",39.300902,-76.587591,"Street","7:50","p.m."
"325","6/25/2026","Larceny of motor vehicle parts or accessories","Outside",NA,"Male","42","Black or African American","Not Hispanic or Latino","1200 BANK ST","Central","Little Italy",39.286457,-76.600193,"Street","4:00","p.m."
"326","6/19/2026","Shoplifting","Inside",NA,NA,"None reported","None reported",NA,"4000 W NORTHERN PKWY","Northwest","Woodmere",39.348955,-76.691027,"Office building","8:20","p.m."
"327","6/19/2026","Larceny","Inside",NA,"Female","31","White","Not Hispanic or Latino","500 N CHARLES ST","Central","Mount Vernon",39.296082,-76.615358,"Tavern/night club","3:30","p.m."
"328","6/19/2026","Shoplifting","Inside",NA,NA,"None reported","None reported",NA,"6300 YORK RD","Northern","Cedarcroft",39.371608,-76.610018,"Liquor store","7:20","p.m."
"329","6/25/2026","Larceny from auto","Outside",NA,"Male","29","Black or African American","Not Hispanic or Latino","900 WOODSON RD","Northeast","Lake Walker",39.371862,-76.603194,"Shed/garage","8:30","p.m."
"330","6/25/2026","Larceny from auto","Outside",NA,"Female","64","Black or African American","Not Hispanic or Latino","6500 BROWN AVE","Southeast","Broening Manor",39.27375,-76.534698,"Street","1:20","p.m."
"331","6/25/2026","Larceny","Inside",NA,"Female","58","Black or African American","Unknown","5200 YORK RD","Northern","Woodbourne-Mccabe",39.353739,-76.609563,"Public building","12:00","p.m."
"332","6/25/2026","Larceny","Inside",NA,"Unknown","None reported","None reported","Unknown","600 S KENWOOD AVE","Southeast","Canton",39.284303,-76.577279,"Other/residential","10:20","a.m."
"333","6/25/2026","Larceny","Inside",NA,"Female","26","White","Not Hispanic or Latino","2700 FOSTER AVE","Southeast","Canton",39.284013,-76.577666,"Other/residential","10:20","a.m."
"334","6/18/2026","Larceny from auto","Outside",NA,"Female","20","Black or African American","Unknown","6600 VINCENT LN","Northwest","Reisterstown Station",39.355539,-76.710186,"Shed/garage","10:00","p.m."
"335","6/18/2026","Larceny of motor vehicle parts or accessories","Outside",NA,"Male","48","White","Hispanic or Latino","4100 DUANE AVE","Southern","Brooklyn",39.227462,-76.602448,"Street","11:00","p.m."
"336","6/26/2026","Larceny of motor vehicle parts or accessories","Outside",NA,NA,"None reported","None reported",NA,"800 ORLEANS ST","Central","Penn-Fallsway",39.294494,-76.605729,"Car lot-new/used","2:45","a.m."
"337","6/16/2026","Shoplifting","Outside",NA,NA,"None reported","None reported",NA,"600 E PRATT ST","Central","Inner Harbor",39.286933,-76.607299,"Pool/bowling/amuse.","9:12","p.m."
"338","6/16/2026","Larceny","Inside",NA,"Female","42","Black or African American","Not Hispanic or Latino","3800 BONVIEW AVE","Eastern","Belair-Edison",39.314823,-76.562106,"Other/residential","7:11","p.m."
"339","6/16/2026","Larceny","Inside",NA,"Female","32","Black or African American","Not Hispanic or Latino","2400 DORTON CT","Southern","Westport",39.262072,-76.640409,"Other/residential","5:00","a.m."
"340","6/29/2026","Shoplifting","Inside",NA,NA,"None reported","None reported",NA,"600 S EXETER ST","Central","Harbor East",39.283869,-76.600476,"Drug store / med  bldg","1:45","p.m."
"341","6/29/2026","Shoplifting","Outside",NA,NA,"None reported","None reported",NA,"6600 HOLABIRD AVE","Southeast","Broening Manor",39.27275,-76.531611,"Gas station","9:45","p.m."
"342","6/29/2026","Larceny from auto","Outside",NA,"Female","24","Black or African American","Not Hispanic or Latino","3700 SPRINGWOOD AVE","Northeast","Hamilton",39.350336,-76.542782,"Park","4:00","a.m."
"343","6/17/2026","Larceny from auto","Outside",NA,"Female","27","White","Unknown","400 S ANN ST","Central","Upper Fells Point",39.28657,-76.591652,"Street","12:00","a.m."
"344","6/16/2026","Larceny from auto","Outside",NA,"Male","35","Black or African American","Unknown","3300 W BELVEDERE AVE","Northwest","Arlington",39.348459,-76.677283,"Street","3:00","a.m."
"345","6/15/2026","Larceny from auto","Outside",NA,"Male","40","Unknown","Hispanic or Latino","6000 AMBERWOOD RD","Northeast","Frankford",39.317575,-76.542912,"Shed/garage","11:30","p.m."
"346","6/29/2026","Larceny","Inside",NA,"Female","37","White","Not Hispanic or Latino","5 N CLINTON ST","Southeast","Patterson Park Neighborhood",39.292848,-76.570746,"Other/residential","2:30","p.m."
"347","6/29/2026","Larceny of motor vehicle parts or accessories","Outside",NA,"Male","39","Black or African American","Not Hispanic or Latino","100 N CULVER ST","Southwest","Allendale",39.288559,-76.674917,"Street","10:00","p.m."
"348","6/14/2026","Larceny from auto","Outside",NA,"Female","65","Black or African American","Not Hispanic or Latino","4300 PARKTON ST","Southwest","Yale Heights",39.277953,-76.686549,"Street","2:00","a.m."
"349","6/15/2026","Shoplifting","Inside",NA,NA,"None reported","None reported",NA,"3500 BOSTON ST","Southeast","Canton Industrial Area",39.274838,-76.56655,"Convenience store","9:56","p.m."
"350","6/15/2026","Shoplifting","Inside",NA,NA,"None reported","None reported",NA,"3500 BOSTON ST","Southeast","Canton Industrial Area",39.274838,-76.56655,"Wholesaler/store","3:36","p.m."
"351","6/15/2026","Larceny","Inside",NA,"Female","65","Black or African American","Not Hispanic or Latino","500 S BROADWAY","Central","Fells Point",39.285475,-76.593157,"Liquor store","7:59","p.m."
"352","6/16/2026","Larceny","Outside",NA,"Female","61","Black or African American","Not Hispanic or Latino","1500 ORLEANS ST","Southeast","Dunbar-Broadway",39.29536,-76.596485,"Street","1:00","a.m."
"353","6/12/2026","Larceny","Inside",NA,"Female","36","Black or African American","Unknown","4400 SHAMROCK AVE","Northeast","Parkside",39.324788,-76.56046,"Other/residential","10:24","p.m."
"354","6/12/2026","Larceny of motor vehicle parts or accessories","Outside",NA,"Male","44","White","Hispanic or Latino","1600 KANE ST","Southeast","Broening Manor",39.27358,-76.536074,"Street","10:25","p.m."
"355","6/14/2026","Larceny of motor vehicle parts or accessories","Outside",NA,"Male","39","White","Hispanic or Latino","4600 PENNINGTON AVE","Southern","Curtis Bay",39.224255,-76.588196,"Street","1:30","a.m."
"356","6/14/2026","Larceny of motor vehicle parts or accessories","Outside",NA,"Female","39","Black or African American","Unknown","400 N PACA ST","Central","Downtown",39.294338,-76.622398,"Street","2:00","a.m."
"357","6/13/2026","Larceny","Inside",NA,"Female","27","Black or African American","Not Hispanic or Latino","2300 EUTAW PL","Western","Reservoir Hill",39.312364,-76.636235,"Other/residential","2:40","p.m."
"358","6/26/2026","Larceny from auto","Inside",NA,"Male","33","White","Unknown","500 E BARNEY ST","Southern","Riverside",39.269934,-76.605846,"Other/residential","9:15","p.m."
"359","6/26/2026","Larceny from auto","Outside",NA,"Female","34","Black or African American","Not Hispanic or Latino","100 S POPPLETON ST","Southwest","Hollins Market",39.286726,-76.632177,"Street","4:00","a.m."
"360","6/26/2026","Larceny of motor vehicle parts or accessories","Outside",NA,"Male","33","Black or African American","Not Hispanic or Latino","700 GLENWOOD AVE","Northern","Woodbourne-Mccabe",39.353145,-76.605801,"Street","1:00","p.m."
"361","6/12/2026","Larceny from auto","Outside",NA,NA,"None reported","None reported",NA,"2500 GREENMOUNT AVE","Northern","Better Waverly",39.31859,-76.609288,"Shed/garage","10:00","a.m."
"362","6/12/2026","Larceny","Outside",NA,"Female","None reported","Black or African American","Not Hispanic or Latino","100 HOLLIDAY ST","Central","Downtown",39.290878,-76.610511,"Shed/garage","6:00","p.m."
"363","6/12/2026","Shoplifting","Inside",NA,NA,"None reported","None reported",NA,"6600 BELAIR RD","Northeast","Cedmont",39.354602,-76.530442,"Drug store / med  bldg","9:02","p.m."
"364","6/13/2026","Shoplifting","Inside",NA,NA,"None reported","None reported",NA,"3100 ST PAUL STREET","Northern","Charles Village",39.326485,-76.61563,"Grocery/confection","12:18","p.m."
"365","6/13/2026","Larceny","Inside",NA,"Female","30","Black or African American","Not Hispanic or Latino","400 FALLSWAY","Central","Penn-Fallsway",39.29373,-76.609502,"Other/residential","12:00","p.m."
"366","6/13/2026","Larceny from auto","Outside",NA,NA,"None reported","None reported",NA,"1400 S EDGEWOOD ST","Southern","Violetville",39.262791,-76.669258,"Shed/garage","7:30","p.m."
"367","6/13/2026","Larceny","Inside",NA,"Female","51","White","Not Hispanic or Latino","2200 E MONUMENT ST","Southeast","Care",39.298547,-76.585739,"Other/residential","2:19","p.m."
"368","6/26/2026","Larceny from auto","Outside",NA,"Female","46","Black or African American","Not Hispanic or Latino","30 PARKIN ST","Southwest","Hollins Market",39.287491,-76.630784,"Street","5:00","a.m."
"369","6/26/2026","Larceny from auto","Outside",NA,"Female","34","Black or African American","Not Hispanic or Latino","1000 EVESHAM AVE","Northeast","Chinquapin Park",39.360935,-76.600479,"Street","10:55","p.m."
"370","6/26/2026","Larceny from auto","Outside",NA,"Female","35","Black or African American","Unknown","4200 BELAIR RD","Northeast","Belair-Edison",39.327822,-76.565563,"Street","2:50","p.m."
"371","6/26/2026","Larceny from auto","Outside",NA,"Male","38","Black or African American","Unknown","4200 BELAIR RD","Northeast","Belair-Edison",39.327822,-76.565563,"Street","2:50","p.m."
"372","6/26/2026","Larceny","Inside",NA,NA,"None reported","None reported",NA,"3800 LIBERTY HEIGHTS AVE","Northwest","Callaway-Garrison",39.327494,-76.682214,"Specialty store","4:00","a.m."
"373","6/26/2026","Shoplifting","Inside",NA,NA,"None reported","None reported",NA,"600 S EXETER ST","Central","Harbor East",39.283869,-76.600476,"Drug store / med  bldg","3:05","p.m."
"374","6/26/2026","Larceny from auto","Outside",NA,"Male","31","Black or African American","Not Hispanic or Latino","30 N ROSEDALE ST","Southwest","Carroll-South Hilton",39.286797,-76.669239,"Street","7:15","a.m."
"375","6/26/2026","Larceny from auto","Outside",NA,NA,"None reported","None reported",NA,"30 N ROSEDALE ST","Southwest","Carroll-South Hilton",39.286797,-76.669239,"Street","7:15","a.m."
"376","6/26/2026","Larceny of motor vehicle parts or accessories","Outside",NA,"Female","27","White","Unknown","3100 BANK ST","Southeast","Highlandtown",39.287474,-76.572942,"Street","9:00","p.m."
"377","6/27/2026","Larceny of motor vehicle parts or accessories","Outside",NA,"Female","66","Black or African American","Not Hispanic or Latino","3900 KESWICK RD","Northern","Hampden",39.336402,-76.628632,"Street","3:30","a.m."
"378","6/12/2026","Larceny from auto","Outside",NA,"Female","22","None reported","Not Hispanic or Latino","1200 PEACH ST","Southern","Sharp-Leadenhall",39.276065,-76.619079,"Street","12:46","p.m."
"379","6/13/2026","Shoplifting","Inside",NA,NA,"None reported","None reported",NA,"20 LIGHT ST","Central","Downtown",39.288355,-76.613894,"Convenience store","2:07","a.m."
"380","6/13/2026","Larceny from auto","Outside",NA,"Female","22","Black or African American","Not Hispanic or Latino","1000 S CHARLES ST","Southern","Federal Hill",39.277705,-76.614604,"Street","1:35","a.m."
"381","6/13/2026","Larceny","Outside",NA,"Male","35","Black or African American","Not Hispanic or Latino","1200 S EATON ST","Southeast","Brewers Hill",39.279463,-76.564202,"Street","1:37","a.m."
"382","6/21/2026","Larceny from auto","Outside",NA,"Unknown","32","American Indian or Alaska Native","Not Hispanic or Latino","600 GRUNDY ST","Southeast","Brewers Hill",39.285627,-76.563096,"Shed/garage","6:41","a.m."
"383","6/27/2026","Larceny from auto","Outside",NA,"Male","42","Black or African American","Not Hispanic or Latino","5600 LAURELTON AVE","Northeast","Hamilton Hills",39.358529,-76.568104,"Street","5:15","a.m."
"384","6/26/2026","Larceny","Inside",NA,"Female","35","White","Unknown","3300 PAINE ST","Northern","Hampden",39.327776,-76.630156,"Other/residential","4:47","p.m."
"385","6/26/2026","Larceny from auto","Outside",NA,"Female","23","Asian","Not Hispanic or Latino","6000 YORKWOOD RD","Northeast","Loch Raven",39.364043,-76.582608,"Street","11:00","p.m."
"386","6/12/2026","Shoplifting","Inside",NA,NA,"None reported","None reported",NA,"5000 YORK RD","Northern","Winston-Govans",39.34981,-76.609412,"Wholesaler/store","8:53","p.m."
"387","6/12/2026","Shoplifting","Inside",NA,NA,"None reported","None reported",NA,"900 N WASHINGTON ST","Southeast","Middle East",39.300779,-76.589972,"Drug store / med  bldg","12:42","p.m."
"388","6/12/2026","Shoplifting","Inside",NA,NA,"None reported","None reported",NA,"2900 WATERVIEW AVE","Southern","Cherry Hill",39.257441,-76.632524,"Convenience store","1:30","p.m."
"389","6/22/2026","Larceny","Inside",NA,"Female","33","Black or African American","Not Hispanic or Latino","400 S BENTALOU ST","Southwest","Millhill",39.281997,-76.652733,"Other/residential","4:00","p.m."
"390","6/27/2026","Larceny","Inside",NA,NA,"None reported","None reported",NA,"7300 HARFORD RD","Northeast","North Harford Road",39.370453,-76.546098,"Wholesaler/store","7:45","p.m."
"391","6/22/2026","Shoplifting","Outside",NA,NA,"None reported","None reported",NA,"4500 W NORTHERN PKWY","Northwest","Seton Business Park",39.345121,-76.701005,"Gas station","1:50","a.m."
"392","6/22/2026","Larceny from auto","Outside",NA,"Female","37","White","Not Hispanic or Latino","4200 KELWAY RD","Northeast","Original Northwood",39.341188,-76.59499,"Street","12:30","p.m."
"393","6/21/2026","Larceny from auto","Outside",NA,"Male","23","White","Hispanic or Latino","2900 JEFFERSON ST","Southeast","Ellwood Park/Monument",39.297016,-76.576435,"Street","6:00","a.m."
"394","6/22/2026","Larceny","Outside","Personal weapons","Female","28","Black or African American","Not Hispanic or Latino","1400 WASHINGTON BLVD","Southern","Washington Village/Pigtown",39.278512,-76.637867,"Gas station","8:23","a.m."
"395","6/23/2026","Larceny from auto","Inside",NA,"Female","40","Black or African American","Unknown","3200 AVON AVE","Northern","Better Waverly",39.327708,-76.60468,"Other/residential","12:00","a.m."
"396","6/22/2026","Larceny from auto","Outside",NA,"Female","25","Black or African American","Not Hispanic or Latino","2700 NORLAND RD","Southern","Lakeland",39.251696,-76.644226,"Street","11:00","p.m."
"397","6/26/2026","Larceny from auto","Inside",NA,"Male","None reported","None reported","Unknown","1500 RUSSELL ST","Southern","Stadium/Entertainment Area",39.273751,-76.62783,"Race track","12:00","a.m."
"398","6/25/2026","Larceny","Inside",NA,"Male","41","Black or African American","Not Hispanic or Latino","300 W BALTIMORE ST","Central","Downtown",39.289497,-76.619648,"Convenience store","12:50","p.m."
"399","6/25/2026","Larceny from auto","Outside",NA,"Female","37","Black or African American","Unknown","3000 COWAN AVE","Southern","Wilhelm Park",39.272868,-76.662603,"Street","4:00","a.m."
"400","6/25/2026","Larceny from auto","Outside",NA,NA,"None reported","None reported",NA,"600 E BALTIMORE ST","Central","Downtown",39.289879,-76.608065,"Street","2:02","p.m."
"401","6/25/2026","Larceny","Inside",NA,NA,"None reported","None reported",NA,"2200 E MONUMENT ST","Southeast","Middle East",39.298873,-76.585416,"Convenience store","6:30","p.m."
"402","6/25/2026","Larceny","Inside","Personal weapons","Female","30","Black or African American","Not Hispanic or Latino","3500 ROUND RD","Southern","Cherry Hill",39.242051,-76.622411,"Other/residential","1:47","p.m."
"403","6/18/2026","Larceny from auto","Outside",NA,"Female","25","Black or African American","Unknown","2300 E FAIRMOUNT AVE","Southeast","Patterson Place",39.293176,-76.584183,"Street","7:00","p.m."
"404","6/18/2026","Larceny of motor vehicle parts or accessories","Outside",NA,"Male","21","Asian","Unknown","800 N BROADWAY","Central","Gay Street",39.299682,-76.594643,"Street","5:30","p.m."
"405","6/22/2026","Larceny","Inside",NA,"Female","30","Black or African American","Not Hispanic or Latino","800 N KENWOOD AVE","Southeast","Madison-Eastend",39.300621,-76.578416,"Other/residential","1:17","a.m."
"406","6/19/2026","Larceny from auto","Inside",NA,"Female","21","Black or African American","Not Hispanic or Latino","1500 N KENWOOD AVE","Eastern","Berea",39.308461,-76.578382,"Other/residential","2:00","a.m."
"407","6/18/2026","Larceny from auto","Outside",NA,"Male","33","White","Not Hispanic or Latino","900 S POTOMAC ST","Southeast","Canton",39.281637,-76.573891,"Street","5:28","a.m."
"408","6/18/2026","Larceny","Inside",NA,"Male","26","White","Unknown","1100 S CHARLES ST","Southern","Federal Hill",39.276274,-76.614135,"Tavern/night club","7:03","p.m."
"409","6/18/2026","Larceny","Outside",NA,"Male","19","Black or African American","Unknown","2400 LIBERTY HEIGHTS AVE","Western","Mondawmin",39.318693,-76.6544,"Shed/garage","8:50","p.m."
"410","6/18/2026","Larceny","Inside",NA,NA,"None reported","None reported",NA,"50 MARKET PL","Central","Downtown",39.288213,-76.606474,"Convenience store","10:45","a.m."
"411","6/18/2026","Larceny from auto","Outside",NA,"Male","30","Black or African American","Unknown","4300 ORCHARD RIDGE BLVD","Eastern","Orchard Ridge",39.312612,-76.559348,"Shed/garage","1:00","p.m."
"412","6/25/2026","Larceny","Outside",NA,"Male","49","Black or African American","Not Hispanic or Latino","2000 N HOWARD ST","Eastern","Charles North",39.312817,-76.619747,"Gas station","11:43","a.m."
"413","6/25/2026","Shoplifting","Inside",NA,NA,"None reported","None reported",NA,"2000 N FOREST PARK AVE","Northwest","Franklintown",39.309338,-76.708484,"Convenience store","4:00","a.m."
"414","6/25/2026","Shoplifting","Inside",NA,NA,"None reported","None reported",NA,"5600 BELAIR RD","Northeast","Frankford",39.341724,-76.545966,"Convenience store","4:15","a.m."
"415","6/25/2026","Larceny","Inside",NA,"Female","51","Black or African American","Unknown","5500 GIST AVE","Northwest","Arlington",39.350018,-76.687824,"Other/residential","10:30","p.m."
"416","6/25/2026","Larceny","Inside",NA,"Female","19","Black or African American","Not Hispanic or Latino","2500 INSULATOR DR","Southern","Baltimore Peninsula",39.262241,-76.613473,"Other/residential","3:30","p.m."
"417","6/26/2026","Larceny of motor vehicle parts or accessories","Inside",NA,"Male","29","Asian","South Asian","1700 N BROADWAY","Eastern","Oliver",39.309685,-76.595297,"Other/residential","3:00","a.m."
"418","6/25/2026","Larceny","Inside",NA,"Male","41","Black or African American","Unknown","5900 GLENNOR RD","Northeast","Ramblewood",39.365334,-76.592639,"Other/residential","1:00","p.m."
"419","6/18/2026","Shoplifting","Inside",NA,NA,"None reported","None reported",NA,"1000 W 41ST ST","Northern","Hoes Heights",39.3382,-76.63457,"Convenience store","8:04","p.m."
"420","6/18/2026","Larceny from auto","Outside",NA,"Female","28","White","Not Hispanic or Latino","900 S BOULDIN ST","Southeast","Canton",39.281586,-76.570568,"Street","4:00","p.m."
"421","6/18/2026","Larceny from auto","Outside",NA,"Female","42","Black or African American","Not Hispanic or Latino","300 MILLINGTON AVE","Southwest","Millhill",39.281918,-76.657433,"Street","12:59","p.m."
"422","6/19/2026","Larceny of motor vehicle parts or accessories","Outside",NA,"Male","33","Black or African American","Not Hispanic or Latino","3600 KENYON AVE","Eastern","Belair-Edison",39.318521,-76.562173,"Street","2:00","a.m."
"423","6/18/2026","Shoplifting","Inside",NA,NA,"None reported","None reported",NA,"6400 REISTERSTOWN RD","Northwest","Glen",39.356001,-76.702019,"Wholesaler/store","1:01","p.m."
"424","6/18/2026","Shoplifting","Inside",NA,NA,"None reported","None reported",NA,"4000 W NORTHERN PKWY","Northwest","Woodmere",39.348955,-76.691027,"Wholesaler/store","2:05","p.m."
"425","6/18/2026","Larceny","Inside",NA,"Female","26","Black or African American","Not Hispanic or Latino","1500 CLAREMONT ST","Central","Perkins",39.288423,-76.596144,"Other/residential","4:40","p.m."
"426","6/18/2026","Larceny","Inside",NA,"Male","29","White","Not Hispanic or Latino","600 S SHARP ST","Southern","Otterbein",39.281567,-76.617326,"Other/residential","9:33","p.m."
"427","6/19/2026","Larceny","Inside",NA,NA,"None reported","None reported",NA,"1200 N CHARLES ST","Central","Mid-Town Belvedere",39.304075,-76.616268,"Specialty store","12:02","a.m."
"428","6/18/2026","Larceny","Outside",NA,"Female","80","Black or African American","Unknown","200 S WOODINGTON RD","Southwest","Irvington",39.283147,-76.686924,"Street","9:30","p.m."
"429","6/18/2026","Shoplifting","Inside",NA,NA,"None reported","None reported",NA,"3400 BELAIR RD","Eastern","Belair-Edison",39.322688,-76.571234,"Convenience store","9:40","p.m."
"430","6/18/2026","Larceny from auto","Outside",NA,"Male","32","Black or African American","Not Hispanic or Latino","100 S GAY ST","Central","Inner Harbor",39.287567,-76.608579,"Street","7:30","a.m."
"431","6/18/2026","Larceny from auto","Outside",NA,"Female","29","Black or African American","Not Hispanic or Latino","100 S GAY ST","Central","Inner Harbor",39.287567,-76.608579,"Street","7:30","a.m."
"432","6/29/2026","Shoplifting","Inside",NA,NA,"None reported","None reported",NA,"900 N WASHINGTON ST","Southeast","Middle East",39.300779,-76.589972,"Wholesaler/store","12:52","p.m."
"433","6/16/2026","Shoplifting","Inside",NA,NA,"None reported","None reported",NA,"2400 LIBERTY HEIGHTS AVE","Western","Mondawmin",39.318693,-76.6544,"Shopping malls/cntr","3:45","p.m."
"434","6/29/2026","Larceny","Inside",NA,"Female","23","Black or African American","Not Hispanic or Latino","6600 REISTERSTOWN RD","Northwest","Reisterstown Station",39.357591,-76.705059,"Restaurant","10:00","p.m."
"435","6/29/2026","Shoplifting","Inside",NA,NA,"None reported","None reported",NA,"4000 EASTERN AVE","Southeast","Highlandtown",39.287103,-76.562776,"Wholesaler/store","4:45","p.m."
"436","6/29/2026","Larceny","Inside",NA,"Male","28","White","Unknown","3500 REISTERSTOWN RD","Northern","Park Circle",39.328429,-76.659589,"Other/residential","6:24","p.m."
"437","6/15/2026","Shoplifting","Inside",NA,NA,"None reported","None reported",NA,"600 N EXETER ST","Central","Penn-Fallsway",39.296012,-76.608202,"Drug store / med  bldg","11:46","p.m."
"438","6/15/2026","Shoplifting","Inside",NA,NA,"None reported","None reported",NA,"600 S EXETER ST","Central","Harbor East",39.283869,-76.600476,"Drug store / med  bldg","12:15","p.m."
"439","6/16/2026","Shoplifting","Inside","Personal weapons","Male","23","Black or African American","Not Hispanic or Latino","300 W BALTIMORE ST","Central","Downtown",39.289497,-76.619648,"Convenience store","2:00","a.m."
"440","6/29/2026","Larceny of motor vehicle parts or accessories","Outside",NA,"Female","22","White","Not Hispanic or Latino","700 S BROADWAY","Central","Fells Point",39.28287,-76.593601,"Shed/garage","9:00","p.m."
"441","6/15/2026","Larceny from auto","Outside",NA,NA,"None reported","None reported",NA,"2300 NEVADA ST","Southern","Westport",39.263081,-76.637499,"Shed/garage","7:00","p.m."
"442","6/15/2026","Larceny of motor vehicle parts or accessories","Outside",NA,"Female","29","Black or African American","Not Hispanic or Latino","6800 STURBRIDGE DR","Northeast","Hamilton Hills",39.368098,-76.562139,"Shed/garage","8:00","p.m."
"443","6/15/2026","Larceny of motor vehicle parts or accessories","Outside",NA,"Female","25","Black or African American","Not Hispanic or Latino","6800 STURBRIDGE DR","Northeast","Hamilton Hills",39.368098,-76.562139,"Shed/garage","8:00","p.m."
"444","6/16/2026","Larceny of motor vehicle parts or accessories","Outside",NA,"Male","37","Unknown","Hispanic or Latino","3900 CLARINTH RD","Northwest","Fallstaff",39.359513,-76.704706,"Street","11:00","a.m."
"445","6/16/2026","Larceny from auto","Outside",NA,"Male","62","Black or African American","Unknown","3000 LAWINA RD","Northwest","Windsor Hills",39.318897,-76.690043,"Street","8:10","a.m."
"446","6/16/2026","Larceny from auto","Inside",NA,"Male","44","White","Not Hispanic or Latino","3300 TANEY RD","Northwest","Glen",39.359962,-76.689299,"Other/residential","4:00","a.m."
"447","6/25/2026","Larceny","Inside",NA,"Male","41","White","Not Hispanic or Latino","4200 CONNECTICUT AVE","Southwest","Irvington",39.284204,-76.685562,"Other/residential","6:53","a.m."
"448","6/26/2026","Shoplifting","Inside",NA,NA,"None reported","None reported",NA,"50 MARKET PL","Central","Downtown",39.288213,-76.606474,"Convenience store","3:45","a.m."
"449","6/15/2026","Larceny","Inside",NA,"Female","54","Black or African American","Not Hispanic or Latino","600 E 37TH ST","Northern","Waverly",39.333477,-76.606927,"Other/residential","6:00","p.m."
"450","6/16/2026","Larceny from auto","Outside",NA,"Male","42","Black or African American","Unknown","3100 BANCROFT RD","Northwest","Cheswolde",39.367277,-76.694143,"Street","1:00","a.m."
"451","6/16/2026","Larceny of motor vehicle parts or accessories","Outside",NA,"Male","34","Black or African American","Unknown","2400 WELLBRIDGE DR","Northeast","Hamilton Hills",39.367307,-76.563349,"Shed/garage","3:30","a.m."
"452","6/13/2026","Larceny from auto","Outside",NA,"Female","32","None reported","Hispanic or Latino","2800 BOOKERT DR","Southern","Cherry Hill",39.247104,-76.626785,"Street","12:30","a.m."
"453","6/13/2026","Larceny from auto","Outside",NA,"Male","36","None reported","Hispanic or Latino","2800 BOOKERT DR","Southern","Cherry Hill",39.247104,-76.626785,"Street","12:30","a.m."
"454","6/16/2026","Larceny from auto","Outside",NA,"Male","66","White","Unknown","3000 FLEET ST","Southeast","Canton",39.285373,-76.574244,"Street","1:52","p.m."
"455","6/13/2026","Larceny of motor vehicle parts or accessories","Outside",NA,"Male","49","None reported","Hispanic or Latino","2500 DULANY ST","Southwest","Millhill",39.280798,-76.656344,"Shed/garage","6:00","p.m."
"456","6/14/2026","Larceny","Inside",NA,"Female","25","White","Unknown","700 S BROADWAY","Central","Fells Point",39.283169,-76.593626,"Tavern/night club","3:01","a.m."
"457","6/13/2026","Larceny","Inside",NA,"Male","32","White","Not Hispanic or Latino","2900 FAIT AVE","Southeast","Canton",39.283091,-76.575426,"Other/residential","5:50","a.m."
"458","6/13/2026","Larceny","Inside",NA,"Female","36","Black or African American","Not Hispanic or Latino","3700 ELLERSLIE AVE","Northeast","Ednor Gardens-Lakeside",39.336208,-76.603466,"Other/residential","3:28","p.m."
"459","6/25/2026","Shoplifting","Inside",NA,NA,"None reported","None reported",NA,"5800 YORK RD","Northern","Belvedere",39.362089,-76.609609,"Office building","6:35","p.m."
"460","6/25/2026","Shoplifting","Outside",NA,NA,"None reported","None reported",NA,"100 W PATAPSCO AVE","Southern","Brooklyn",39.238857,-76.611397,"Gas station","8:00","p.m."
"461","6/25/2026","Larceny","Inside",NA,"Female","39","Black or African American","Unknown","2900 CHRISTOPHER AVE","Northeast","Westfield",39.358979,-76.55739,"Other/residential","11:40","p.m."
"462","6/25/2026","Shoplifting","Inside",NA,NA,"None reported","None reported",NA,"3700 FLEET ST","Southeast","Brewers Hill",39.285292,-76.565738,"Convenience store","9:53","p.m."
"463","6/25/2026","Larceny","Inside",NA,NA,"None reported","None reported",NA,"50 MARKET PL","Central","Downtown",39.288213,-76.606474,"Convenience store","8:28","p.m."
"464","6/25/2026","Shoplifting","Inside",NA,NA,"None reported","None reported",NA,"2500 GREENMOUNT AVE","Northern","Better Waverly",39.31859,-76.609288,"Unknown","8:28","p.m."
"465","6/12/2026","Shoplifting","Inside",NA,NA,"None reported","None reported",NA,"600 E 33RD ST","Northern","Better Waverly",39.328159,-76.60798,"Convenience store","7:02","p.m."
"466","6/12/2026","Shoplifting","Inside",NA,NA,"None reported","None reported",NA,"1000 W 41ST ST","Northern","Hoes Heights",39.3382,-76.63457,"Convenience store","6:00","p.m."
"467","6/12/2026","Shoplifting","Inside",NA,NA,"None reported","None reported",NA,"1100 PENNSYLVANIA AVE","Western","Upton",39.29924,-76.629044,"Grocery/confection","8:30","p.m."
"468","6/12/2026","Larceny from auto","Inside",NA,"Male","66","White","Not Hispanic or Latino","900 ST DUNSTANS ROAD","Northeast","Cameron Village",39.359959,-76.601784,"Other/residential","6:30","a.m."
"469","6/13/2026","Larceny","Inside",NA,"Male","58","White","Not Hispanic or Latino","6600 REISTERSTOWN RD","Northwest","Reisterstown Station",39.35701,-76.704297,"Restaurant","12:01","a.m."
"470","6/28/2026","Larceny from auto","Inside",NA,"Female","36","Black or African American","Not Hispanic or Latino","2800 GARRISON BLVD","Northwest","Garwyn Oaks",39.319689,-76.677273,"Other/residential","2:43","p.m."
"471","6/28/2026","Larceny from auto","Outside",NA,"Male","22","Black or African American","Unknown","10 MARDREW RD","Southwest","Westgate",39.283889,-76.709799,"Street","5:00","p.m."
"472","6/29/2026","Larceny of motor vehicle parts or accessories","Outside",NA,"Male","22","Black or African American","Not Hispanic or Latino","3100 WALBROOK AVE","Northwest","Walbrook",39.309862,-76.669789,"Street","3:50","a.m."
"473","6/28/2026","Larceny from auto","Outside",NA,"Female","24","White","Unknown","100 E WELLS ST","Southern","Riverside",39.268377,-76.611279,"Street","6:00","p.m."
"474","6/13/2026","Shoplifting","Inside",NA,NA,"None reported","None reported",NA,"200 REEDBIRD AVE","Southern","Cherry Hill",39.24869,-76.616643,"Convenience store","10:35","p.m."
"475","6/14/2026","Shoplifting","Inside",NA,NA,"None reported","None reported",NA,"3600 KESWICK RD","Northern","Wyman Park",39.332162,-76.627839,"Convenience store","12:10","a.m."
"476","6/13/2026","Larceny from auto","Outside",NA,"Male","22","None reported","Unknown","1500 N LUZERNE AVE","Eastern","Berea",39.308612,-76.58125,"Street","5:00","a.m."
"477","6/13/2026","Larceny","Inside",NA,"Female","41","Black or African American","Not Hispanic or Latino","1000 N CAROLINE ST","Central","Gay Street",39.302376,-76.597638,"Other/residential","5:30","p.m."
"478","6/13/2026","Larceny","Inside",NA,"Male","65","Black or African American","Not Hispanic or Latino","2300 E HOFFMAN ST","Eastern","Broadway East",39.306969,-76.584382,"Grocery/confection","10:40","p.m."
"479","6/13/2026","Larceny from auto","Outside",NA,"Male","22","Black or African American","Unknown","3400 PULASKI HWY","Southeast","Baltimore Highlands",39.295793,-76.569084,"Mini storage lockers","12:00","a.m."
"480","6/12/2026","Shoplifting","Inside",NA,NA,"None reported","None reported",NA,"2200 E MONUMENT ST","Southeast","Middle East",39.298873,-76.585416,"Wholesaler/store","9:35","p.m."
"481","6/25/2026","Shoplifting","Inside",NA,NA,"None reported","None reported",NA,"2500 GREENMOUNT AVE","Northern","Better Waverly",39.31859,-76.609288,"Unknown","8:32","p.m."
"482","6/28/2026","Larceny","Inside",NA,NA,"None reported","None reported",NA,"3600 EDMONDSON AVE","Southwest","Allendale",39.293664,-76.678202,"Convenience store","3:42","p.m."
"483","6/28/2026","Larceny","Outside",NA,"Male","27","Black or African American","Not Hispanic or Latino","20 N HOWARD ST","Central","Downtown",39.290308,-76.619228,"Street","7:36","p.m."
"484","6/28/2026","Shoplifting","Inside",NA,NA,"None reported","None reported",NA,"50 MARKET PL","Central","Downtown",39.288213,-76.606474,"Convenience store","11:38","p.m."
"485","6/28/2026","Larceny","Inside",NA,"Female","42","Black or African American","Unknown","300 FALLSWAY","Central","Jonestown",39.2925,-76.60784,"Other/residential","10:30","p.m."
"486","6/13/2026","Larceny","Outside","Personal weapons","Male","18","Black or African American","Not Hispanic or Latino","3100 W BALTIMORE ST","Southwest","Carroll-South Hilton",39.285984,-76.669069,"Street","8:00","a.m."
"487","6/13/2026","Larceny","Inside",NA,"Male","31","Black or African American","Not Hispanic or Latino","6600 HARFORD RD","Northeast","Westfield",39.363072,-76.551776,"Restaurant","8:50","a.m."
"488","6/14/2026","Larceny from auto","Outside",NA,"Female","22","White","Unknown","300 S ANN ST","Central","Upper Fells Point",39.287592,-76.591702,"Street","1:00","a.m."
"489","6/14/2026","Larceny from auto","Outside",NA,"Female","26","Black or African American","Not Hispanic or Latino","1400 N BOND ST","Eastern","Oliver",39.306558,-76.596525,"Street","2:00","a.m."
"490","6/14/2026","Larceny from auto","Outside",NA,"Male","26","None reported","Hispanic or Latino","2400 RYE ST","Southern","Baltimore Peninsula",39.264229,-76.60753,"Shed/garage","2:15","a.m."
"491","6/21/2026","Larceny","Inside",NA,NA,"None reported","None reported",NA,"3800 BOSTON ST","Southeast","Brewers Hill",39.277588,-76.564239,"Office building","7:25","p.m."
"492","6/21/2026","Shoplifting","Inside",NA,NA,"None reported","None reported",NA,"2500 GREENMOUNT AVE","Northern","Better Waverly",39.31859,-76.609288,"Convenience store","8:40","p.m."
"493","6/21/2026","Larceny","Inside",NA,"Male","31","Black or African American","Not Hispanic or Latino","1100 W NORTH AVE","Western","Druid Heights",39.310146,-76.636098,"Other/residential","5:13","a.m."
"494","6/28/2026","Larceny","Outside",NA,"Male","18","White","Not Hispanic or Latino","100 N PACA ST","Central","Downtown",39.290977,-76.622094,"Street","9:40","p.m."
"495","6/28/2026","Shoplifting","Inside",NA,NA,"None reported","None reported",NA,"2700 REMINGTON AVE","Northern","Remington",39.320482,-76.621094,"Wholesaler/store","9:23","p.m."
"496","6/28/2026","Shoplifting","Inside","Other",NA,"None reported","None reported",NA,"5000 YORK RD","Northern","Winston-Govans",39.34981,-76.609412,"Convenience store","11:00","p.m."
"497","6/28/2026","Larceny from auto","Outside",NA,"Female","34","Black or African American","Not Hispanic or Latino","3000 GREENSPRING AVE","Northern","Druid Hill Park",39.320916,-76.651548,"Street","10:15","p.m."
"498","6/14/2026","Larceny from auto","Outside",NA,"Male","51","White","Hispanic or Latino","3400 GOUGH ST","Southeast","Highlandtown",39.288614,-76.569079,"Street","12:00","a.m."
"499","6/21/2026","Shoplifting","Inside",NA,NA,"None reported","None reported",NA,"5800 YORK RD","Northern","Belvedere",39.362089,-76.609609,"Wholesaler/store","6:18","p.m."
"500","6/21/2026","Shoplifting","Inside",NA,NA,"None reported","None reported",NA,"2000 FLEET ST","Central","Fells Point",39.28511,-76.587453,"Convenience store","9:00","a.m."
"501","6/21/2026","Larceny","Inside",NA,"Female","39","White","Unknown","1100 N LONGWOOD ST","Western","Franklintown Road",39.300986,-76.667158,"Other/residential","4:00","a.m."
"502","6/23/2026","Larceny","Inside",NA,"Female","32","Black or African American","Not Hispanic or Latino","700 E CHASE ST","Central","Johnston Square",39.302848,-76.607528,"Other/residential","5:50","p.m."
"503","6/23/2026","Larceny","Inside","Blunt object",NA,"None reported","None reported",NA,"2800 GREENMOUNT AVE","Northern","Harwood",39.323296,-76.609913,"Restaurant","7:00","p.m."
"504","6/24/2026","Shoplifting","Inside","Personal weapons",NA,"None reported","None reported",NA,"2800 GREENMOUNT AVE","Northern","Better Waverly",39.322416,-76.608713,"Wholesaler/store","12:30","a.m."
"505","6/23/2026","Larceny from auto","Outside",NA,"Male","84","White","Hispanic or Latino","400 OLDHAM ST","Southeast","Greektown",39.287737,-76.556013,"Street","9:00","p.m."
"506","6/21/2026","Larceny from auto","Outside",NA,"Male","34","White","Not Hispanic or Latino","1300 RACE ST","Southern","South Baltimore",39.274504,-76.617204,"Street","4:01","a.m."
"507","6/21/2026","Larceny","Outside",NA,"Female","37","White","Not Hispanic or Latino","900 BETHUNE RD","Southern","Cherry Hill",39.24467,-76.623988,"Street","9:30","p.m."
"508","6/21/2026","Larceny","Inside",NA,"Female","67","Black or African American","Unknown","1100 W NORTHERN PKWY","Northern","North Roland Park/Poplar Hill",39.363377,-76.64645,"Other/residential","9:45","p.m."
"509","6/21/2026","Larceny","Inside",NA,NA,"None reported","None reported",NA,"2400 REISTERSTOWN RD","Western","Auchentoroly-Parkwood",39.316143,-76.64947,"Convenience store","1:25","p.m."
"510","6/21/2026","Larceny","Inside",NA,"Female","35","White","Not Hispanic or Latino","1800 JACKSON ST","Southern","Riverside",39.269588,-76.604705,"Other/residential","9:00","a.m."
"511","6/22/2026","Larceny","Inside",NA,NA,"None reported","None reported",NA,"300 N GILMOR ST","Southwest","Franklin Square",39.292437,-76.64244,"Other/residential","1:30","a.m."
"512","6/22/2026","Larceny","Inside",NA,"Female","24","Black or African American","Unknown","2100 N CHARLES ST","Eastern","Charles North",39.314017,-76.616498,"Unknown","12:00","a.m."
"513","6/23/2026","Larceny","Inside",NA,"Male","25","White","Not Hispanic or Latino","800 LIGHT ST","Southern","Federal Hill",39.279787,-76.612872,"Public building","10:00","p.m."
"514","6/23/2026","Larceny from auto","Outside",NA,NA,"None reported","None reported",NA,"2100 PENNSYLVANIA AVE","Western","Sandtown-Winchester",39.306941,-76.639046,"Street","6:37","p.m."
"515","6/23/2026","Larceny","Inside",NA,"Female","50","Black or African American","Not Hispanic or Latino","3400 HILLDALE PL","Northern","Park Circle",39.329093,-76.656597,"Other/residential","1:03","a.m."
"516","6/23/2026","Shoplifting","Inside",NA,NA,"None reported","None reported",NA,"2600 BOSTON ST","Southeast","Canton",39.280307,-76.579578,"Grocery/confection","1:34","a.m."
"517","6/22/2026","Shoplifting","Inside",NA,NA,"None reported","None reported",NA,"1500 62ND ST","Southeast","Pulaski Industrial Area",39.310528,-76.530589,"Convenience store","1:02","p.m."
"518","6/18/2026","Larceny","Inside",NA,"Male","53","White","Unknown","3300 BANCROFT RD","Northwest","Cross Country",39.362944,-76.694137,"Other/residential","8:45","p.m."
"519","6/19/2026","Larceny","Inside",NA,"Female","34","Black or African American","Not Hispanic or Latino","600 S EATON ST","Southeast","Brewers Hill",39.285453,-76.565006,"Other/residential","1:49","a.m."
"520","6/18/2026","Larceny","Outside",NA,"Male","22","Black or African American","Unknown","500 N MARTIN LUTHER KING JR BLVD","Central","Seton Hill",39.29469,-76.627585,"Street","6:30","p.m."
"521","6/18/2026","Larceny of motor vehicle parts or accessories","Outside",NA,"Male","64","Black or African American","Not Hispanic or Latino","2800 W BALTIMORE ST","Southwest","Shipley Hill",39.287705,-76.661713,"Street","3:00","p.m."
"522","6/18/2026","Larceny","Inside",NA,"Female","28","Black or African American","Not Hispanic or Latino","900 N CARROLLTON AVE","Western","Sandtown-Winchester",39.299235,-76.637379,"Other/residential","5:00","p.m."
"523","6/18/2026","Larceny from auto","Inside","Handgun","Male","33","Black or African American","Unknown","5900 BELAIR RD","Northeast","Cedmont",39.346397,-76.53982,"Office building","7:07","a.m."
"524","6/22/2026","Shoplifting","Inside",NA,NA,"None reported","None reported",NA,"5600 THE ALAMEDA","Northeast","Glen Oaks",39.359047,-76.595696,"Wholesaler/store","7:20","p.m."
"525","6/22/2026","Larceny","Inside",NA,NA,"None reported","None reported",NA,"700 S CENTRAL AVE","Central","Harbor East",39.282608,-76.598709,"Grocery/confection","8:00","p.m."
"526","6/22/2026","Shoplifting","Inside",NA,NA,"None reported","None reported",NA,"3700 FLEET ST","Southeast","Brewers Hill",39.285292,-76.565738,"Convenience store","4:10","a.m."
"527","6/23/2026","Shoplifting","Inside",NA,NA,"None reported","None reported",NA,"2600 BOSTON ST","Southeast","Canton",39.280307,-76.579578,"Grocery/confection","1:30","a.m."
"528","6/22/2026","Larceny","Inside",NA,"Female","47","Black or African American","Not Hispanic or Latino","300 W BALTIMORE ST","Central","Downtown",39.289497,-76.619648,"Convenience store","9:30","p.m."
"529","6/23/2026","Shoplifting","Inside",NA,NA,"None reported","None reported",NA,"3600 KESWICK RD","Northern","Wyman Park",39.332162,-76.627839,"Convenience store","1:54","a.m."
"530","6/22/2026","Shoplifting","Inside",NA,NA,"None reported","None reported",NA,"6300 YORK RD","Northern","Lake Walker",39.371499,-76.609362,"Convenience store","1:11","a.m."
"531","6/22/2026","Larceny","Inside",NA,"Male","37","Black or African American","Not Hispanic or Latino","50 MARKET PL","Central","Downtown",39.288213,-76.606474,"Convenience store","2:03","a.m."
"532","6/19/2026","Larceny from auto","Outside",NA,"Female","29","White","Not Hispanic or Latino","1100 WELDON AVE","Northern","Hoes Heights",39.338418,-76.636722,"Street","3:00","a.m."
"533","6/18/2026","Larceny","Inside",NA,"Female","4","Black or African American","Not Hispanic or Latino","3700 HAYWARD AVE","Northwest","Arlington",39.347724,-76.682637,"Other/residential","7:00","p.m."
"534","6/18/2026","Shoplifting","Inside",NA,NA,"None reported","None reported",NA,"3700 FLEET ST","Southeast","Brewers Hill",39.285292,-76.565738,"Public building","11:54","p.m."
"535","6/18/2026","Larceny from auto","Outside",NA,NA,"None reported","None reported",NA,"1800 N FULTON AVE","Western","Sandtown-Winchester",39.308955,-76.646647,"Street","7:25","p.m."
"536","6/18/2026","Shoplifting","Inside",NA,NA,"None reported","None reported",NA,"1000 W 41ST ST","Northern","Hoes Heights",39.3382,-76.63457,"Convenience store","7:37","p.m."
"537","6/18/2026","Larceny from auto","Outside",NA,NA,"None reported","None reported",NA,"1700 GORSUCH AVE","Eastern","Coldstream Homestead Montebello",39.320053,-76.59311,"Street","4:00","p.m."
"538","6/18/2026","Larceny","Inside",NA,"Female","29","Black or African American","Not Hispanic or Latino","3700 HAYWARD AVE","Northwest","Arlington",39.347724,-76.682637,"Other/residential","7:00","p.m."
"539","6/18/2026","Larceny","Inside",NA,"Male","9","Black or African American","Unknown","3700 HAYWARD AVE","Northwest","Arlington",39.347724,-76.682637,"Other/residential","7:00","p.m."
"540","6/18/2026","Larceny from auto","Outside",NA,"Female","35","Black or African American","Unknown","1800 E LOMBARD ST","Central","Upper Fells Point",39.29036,-76.590752,"Street","10:20","p.m."
"541","6/20/2026","Larceny from auto","Outside",NA,"Female","57","None reported","Unknown","3700 EVERETT ST","Southern","Curtis Bay",39.230784,-76.591916,"Street","3:30","a.m."
"542","6/20/2026","Larceny","Outside",NA,"Female","57","None reported","Unknown","3700 EVERETT ST","Southern","Curtis Bay",39.230784,-76.591916,"Street","3:30","a.m."
"543","6/19/2026","Larceny","Inside",NA,"Male","79","White","Not Hispanic or Latino","300 S BOULDIN ST","Southeast","Highlandtown",39.288282,-76.571033,"Other/residential","7:00","p.m."
"544","6/19/2026","Shoplifting","Inside",NA,NA,"None reported","None reported",NA,"900 N WASHINGTON ST","Southeast","Middle East",39.300779,-76.589972,"Convenience store","1:53","p.m."
"545","6/29/2026","Larceny","Inside",NA,"Male","31","Black or African American","Not Hispanic or Latino","4000 6TH ST","Southern","Brooklyn",39.231514,-76.603731,"Other/residential","5:00","p.m."
"546","6/29/2026","Larceny from auto","Outside",NA,"Male","32","Black or African American","Not Hispanic or Latino","700 DOVER ST","Southern","Ridgely's Delight",39.285702,-76.625921,"Street","10:00","p.m."
"547","6/18/2026","Larceny","Inside",NA,"Female","None reported","Black or African American","Unknown","1600 DARLEY AVE","Eastern","Darley Park",39.3148,-76.595517,"Other/residential","5:40","p.m."
"548","6/18/2026","Shoplifting","Inside",NA,NA,"None reported","None reported",NA,"300 W 29TH ST","Northern","Remington",39.32196,-76.622229,"Restaurant","5:28","p.m."
"549","6/15/2026","Larceny from auto","Outside",NA,"Female","33","White","Not Hispanic or Latino","100 S PACA ST","Central","Downtown West",39.286568,-76.622417,"Shed/garage","10:30","p.m."
"550","6/15/2026","Larceny from auto","Outside",NA,"Male","58","Asian","Unknown","500 S WOLFE ST","Central","Fells Point",39.285596,-76.590247,"Street","2:00","p.m."
"551","6/15/2026","Shoplifting","Inside",NA,NA,"None reported","None reported",NA,"2400 FREDERICK AVE","Southwest","Millhill",39.282588,-76.653448,"Convenience store","8:30","p.m."
"552","6/19/2026","Larceny","Inside",NA,NA,"None reported","None reported",NA,"3700 FLEET ST","Southeast","Brewers Hill",39.285292,-76.565738,"Convenience store","5:49","a.m."
"553","6/19/2026","Larceny","Inside",NA,NA,"None reported","None reported",NA,"1900 N LONGWOOD ST","Northwest","Walbrook",39.30953,-76.667331,"Other/residential","4:00","p.m."
"554","6/29/2026","Larceny","Inside",NA,"Female","50","Black or African American","Not Hispanic or Latino","300 BAYLIS ST","Southeast","Highlandtown",39.288042,-76.568089,"Other/residential","2:39","p.m."
"555","6/29/2026","Shoplifting","Inside",NA,NA,"None reported","None reported",NA,"1000 W 41ST ST","Northern","Hoes Heights",39.3382,-76.63457,"Wholesaler/store","3:00","p.m."
"556","6/15/2026","Shoplifting","Inside",NA,NA,"None reported","None reported",NA,"600 E 33RD ST","Northern","Better Waverly",39.328159,-76.60798,"Grocery/confection","1:40","p.m."
"557","6/15/2026","Shoplifting","Inside",NA,NA,"None reported","None reported",NA,"2000 W PRATT ST","Southwest","Carrollton Ridge",39.284932,-76.648641,"Convenience store","3:16","p.m."
"558","6/15/2026","Shoplifting","Inside",NA,NA,"None reported","None reported",NA,"2500 GREENMOUNT AVE","Northern","Better Waverly",39.31859,-76.609288,"Other/residential","1:30","p.m."
"559","6/15/2026","Shoplifting","Inside",NA,NA,"None reported","None reported",NA,"2200 HARFORD RD","Eastern","Darley Park",39.315495,-76.596342,"Convenience store","1:24","p.m."
"560","6/15/2026","Larceny of motor vehicle parts or accessories","Inside",NA,"Male","45","Black or African American","Not Hispanic or Latino","3600 SPRINGDALE AVE","Northwest","Forest Park",39.324088,-76.67937,"Other/residential","2:34","p.m."
"561","6/20/2026","Shoplifting","Inside",NA,NA,"None reported","None reported",NA,"50 MARKET PL","Central","Downtown",39.288213,-76.606474,"Convenience store","2:50","a.m."
"562","6/16/2026","Shoplifting","Inside",NA,NA,"None reported","None reported",NA,"1000 W 41ST ST","Northern","Hoes Heights",39.3382,-76.63457,"Convenience store","3:00","p.m."
"563","6/21/2026","Larceny from auto","Inside",NA,"Female","49","White","Unknown","3100 CRITTENTON PL","Northern","Hampden",39.325416,-76.62976,"Other/residential","11:00","p.m."
"564","6/21/2026","Larceny from auto","Outside",NA,"Male","56","White","Not Hispanic or Latino","3500 CHESTNUT AVE","Northern","Hampden",39.330109,-76.629542,"Street","10:30","p.m."
"565","6/21/2026","Shoplifting","Inside",NA,NA,"None reported","None reported",NA,"600 E PRATT ST","Central","Inner Harbor",39.286933,-76.607299,"Wholesaler/store","10:09","p.m."
"566","6/21/2026","Larceny","Inside",NA,"Female","15","Black or African American","Not Hispanic or Latino","200 N SPRING CT","Central","Dunbar-Broadway",39.294663,-76.597557,"Other/residential","11:05","p.m."
"567","6/29/2026","Larceny","Inside",NA,"Female","30","White","Not Hispanic or Latino","1100 WICOMICO ST","Southern","Washington Village/Pigtown",39.279278,-76.629188,"Other/residential","9:50","p.m."
"568","6/29/2026","Shoplifting","Inside",NA,NA,"None reported","None reported",NA,"5400 REISTERSTOWN RD","Northwest","Woodmere",39.347332,-76.689019,"Wholesaler/store","7:53","p.m."
"569","6/16/2026","Larceny from auto","Outside",NA,NA,"None reported","None reported",NA,"3300 DUDLEY AVE","Eastern","Belair-Edison",39.323334,-76.564846,"Street","1:00","a.m."
"570","6/16/2026","Larceny from auto","Outside",NA,"Male","39","White","Not Hispanic or Latino","2700 QUEEN ANNE RD","Northwest","Windsor Hills",39.316571,-76.689541,"Shed/garage","3:00","a.m."
"571","6/16/2026","Larceny from auto","Outside",NA,"Female","41","White","Not Hispanic or Latino","2700 QUEEN ANNE RD","Northwest","Windsor Hills",39.316571,-76.689541,"Shed/garage","3:00","a.m."
"572","6/15/2026","Larceny","Inside",NA,NA,"None reported","None reported",NA,"3200 NORMOUNT AVE","Northwest","Rosemont",39.302145,-76.670393,"Convenience store","5:25","p.m."
"573","6/16/2026","Shoplifting","Inside",NA,NA,"None reported","None reported",NA,"6300 YORK RD","Northern","Lake Walker",39.371499,-76.609362,"Drug store / med  bldg","1:33","a.m."
"574","6/16/2026","Larceny","Inside",NA,"Female","41","White","Not Hispanic or Latino","1300 LOWMAN ST","Southern","Locust Point",39.271194,-76.59506,"Other/residential","7:36","a.m."
"575","6/17/2026","Larceny from auto","Outside",NA,"Male","26","White","Not Hispanic or Latino","300 S REGESTER ST","Central","Fells Point",39.287218,-76.592519,"Street","12:50","a.m."
"576","6/16/2026","Larceny","Inside",NA,"Male","27","White","Not Hispanic or Latino","1400 OLIVE ST","Southern","South Baltimore",39.273358,-76.61461,"Other/residential","9:00","a.m."
"577","6/16/2026","Larceny","Inside",NA,"Male","35","Black or African American","Not Hispanic or Latino","600 E 37TH ST","Northern","Waverly",39.33345,-76.606589,"Other/residential","6:59","p.m."
"578","6/17/2026","Larceny from auto","Outside",NA,"Male","79","White","Not Hispanic or Latino","2100 E BALTIMORE ST","Southeast","Butchers Hill",39.291661,-76.586601,"Street","2:00","a.m."
"579","6/17/2026","Larceny","Inside",NA,"Male","28","None reported","Not Hispanic or Latino","800 N COLLINGTON AVE","Southeast","Middle East",39.300215,-76.58657,"Other/residential","2:15","a.m."
"580","6/16/2026","Larceny","Inside",NA,"Female","28","Black or African American","Not Hispanic or Latino","4300 SHELDON AVE","Eastern","Belair-Edison",39.326122,-76.56158,"Other/residential","3:27","p.m."
"581","6/16/2026","Shoplifting","Inside",NA,NA,"None reported","None reported",NA,"1000 W 41ST ST","Northern","Hoes Heights",39.3382,-76.63457,"Drug store / med  bldg","8:20","p.m."
"582","6/21/2026","Larceny","Inside",NA,"Male","33","Black or African American","Not Hispanic or Latino","1000 N FULTON AVE","Western","Sandtown-Winchester",39.300493,-76.646115,"Other/residential","9:00","p.m."
"583","6/21/2026","Larceny","Inside",NA,"Male","29","Black or African American","Not Hispanic or Latino","2100 MARYLAND AVE","Eastern","Charles North",39.313992,-76.617869,"Public building","6:35","p.m."
"584","6/21/2026","Larceny","Inside",NA,"Male","53","White","Not Hispanic or Latino","100 WATER ST","Central","Downtown",39.288338,-76.613359,"Tavern/night club","5:50","a.m."
"585","6/21/2026","Shoplifting","Inside",NA,NA,"None reported","None reported",NA,"900 N WASHINGTON ST","Southeast","Middle East",39.300779,-76.589972,"Wholesaler/store","5:30","p.m."
"586","6/21/2026","Shoplifting","Inside",NA,NA,"None reported","None reported",NA,"2500 GREENMOUNT AVE","Northern","Better Waverly",39.31859,-76.609288,"Convenience store","12:48","a.m."
"587","6/16/2026","Larceny","Inside",NA,"Male","26","Black or African American","Not Hispanic or Latino","1200 W PRATT ST","Southern","Washington Village/Pigtown",39.284285,-76.637573,"Unknown","7:30","p.m."
"588","6/16/2026","Larceny from auto","Outside",NA,"Female","50","None reported","Unknown","200 S EAST AVE","Southeast","Highlandtown",39.288771,-76.571844,"Shed/garage","12:00","p.m."
"589","6/29/2026","Larceny from auto","Outside",NA,"Male","24","Black or African American","Not Hispanic or Latino",NA,"Western","Mosher",39.300259,-76.665244,"Street","5:32","a.m."
"590","6/25/2026","Larceny from auto","Outside",NA,"Female","38","Black or African American","Not Hispanic or Latino","4300 LAPLATA AVE","Northern","Medfield",39.340619,-76.646184,"Street","3:00","a.m."
"591","6/24/2026","Larceny","Inside",NA,"Male","22","White","Unknown","1200 S CHARLES ST","Southern","Federal Hill",39.275658,-76.614077,"Other/residential","10:00","p.m."
"592","6/24/2026","Larceny of motor vehicle parts or accessories","Outside",NA,"Female","58","Black or African American","Not Hispanic or Latino","2900 CLIFTON AVE","Northwest","Walbrook",39.311024,-76.667142,"Street","6:00","a.m."
"593","6/15/2026","Shoplifting","Inside",NA,NA,"None reported","None reported",NA,"1700 E NORTHERN PKWY","Northeast","Loch Raven",39.36693,-76.582749,"Wholesaler/store","3:10","p.m."
"594","6/12/2026","Larceny","Inside",NA,"Male","40","Black or African American","Not Hispanic or Latino","3100 BAKER ST","Northwest","Rosemont",39.305644,-76.669751,"Other/residential","5:06","p.m."
"595","6/12/2026","Larceny of motor vehicle parts or accessories","Outside",NA,"Female","30","White","Hispanic or Latino","400 N LAKEWOOD AVE","Southeast","Mcelderry Park",39.295843,-76.57946,"Street","12:00","p.m."
"596","6/12/2026","Larceny","Inside",NA,"Male","32","Black or African American","Not Hispanic or Latino","3100 W NORTH AVE","Northwest","Northwest Community Action",39.308765,-76.670479,"Restaurant","8:00","p.m."
"597","6/12/2026","Larceny of motor vehicle parts or accessories","Outside",NA,"Male","23","None reported","Hispanic or Latino","1500 WILMINGTON AVE","Southern","Morrell Park",39.268079,-76.657407,"Street","7:45","p.m."
"598","6/12/2026","Larceny","Inside",NA,"Male","26","Black or African American","Not Hispanic or Latino","600 N WOLFE ST","Southeast","Dunbar-Broadway",39.296885,-76.592431,"Drug store / med  bldg","8:30","p.m."
"599","6/21/2026","Shoplifting","Inside",NA,NA,"None reported","None reported",NA,NA,"Central","Washington Hill",39.290317,-76.593963,"Convenience store","2:55","a.m."
"600","6/21/2026","Shoplifting","Inside",NA,NA,"None reported","None reported",NA,"50 MARKET PL","Central","Downtown",39.288213,-76.606474,"Convenience store","12:00","a.m."
"601","6/20/2026","Larceny","Inside",NA,NA,"None reported","None reported",NA,"100 W 25TH ST","Eastern","Old Goucher",39.317575,-76.619312,"Office building","7:59","a.m."
"602","6/16/2026","Larceny","Inside",NA,"Female","45","Black or African American","Unknown","1500 PENTWOOD RD","Northeast","Stonewood-Pentwood-Winston",39.348462,-76.589447,"Other/residential","3:37","p.m."
"603","6/24/2026","Larceny of motor vehicle parts or accessories","Outside",NA,NA,"None reported","None reported",NA,"200 S HIGH ST","Central","Little Italy",39.286563,-76.602149,"Street","12:00","p.m."
"604","6/24/2026","Shoplifting","Inside",NA,NA,"None reported","None reported",NA,"4000 W NORTHERN PKWY","Northwest","Woodmere",39.348955,-76.691027,"Convenience store","9:20","p.m."
"605","6/24/2026","Larceny","Inside",NA,"Male","64","White","Not Hispanic or Latino","2600 HAMPDEN AVE","Northern","Remington",39.319117,-76.622972,"Other/residential","9:25","p.m."
"606","6/24/2026","Larceny of motor vehicle parts or accessories","Inside",NA,"Male","35","Black or African American","Not Hispanic or Latino","1800 E 32ND ST","Eastern","Coldstream Homestead Montebello",39.326621,-76.590543,"Other/residential","6:45","p.m."
"607","6/25/2026","Larceny from auto","Outside",NA,"Female","56","White","Not Hispanic or Latino","3000 EASTERN AVE","Southeast","Patterson Park",39.28639,-76.574313,"Street","3:15","a.m."
"608","6/12/2026","Larceny","Inside",NA,"Male","61","Black or African American","Unknown","600 S EXETER ST","Central","Harbor East",39.283546,-76.600424,"Office building","1:30","p.m."
"609","6/12/2026","Larceny","Inside",NA,"Female","32","Black or African American","Unknown","3000 W COLD SPRING LN","Northern","Towanda-Grantley",39.336996,-76.672008,"Other/residential","4:00","p.m."
"610","6/13/2026","Larceny","Inside",NA,"Male","31","Black or African American","Not Hispanic or Latino","3000 O'DONNELL ST","Southeast","Canton",39.279971,-76.5738,"Tavern/night club","2:00","a.m."
"611","6/17/2026","Larceny","Inside",NA,"Female","40","White","Not Hispanic or Latino","3700 FAIT AVE","Southeast","Brewers Hill",39.2838,-76.565198,"Other/residential","7:12","p.m."
"612","6/17/2026","Larceny","Inside",NA,NA,"None reported","None reported",NA,"6200 REISTERSTOWN RD","Northwest","Reisterstown Station",39.354046,-76.699721,"Convenience store","8:40","p.m."
"613","6/17/2026","Larceny","Inside",NA,NA,"None reported","None reported",NA,"1100 CATHEDRAL ST","Central","Mid-Town Belvedere",39.302057,-76.618144,"Specialty store","7:00","p.m."
"614","6/17/2026","Shoplifting","Inside",NA,NA,"None reported","None reported",NA,"3500 BOSTON ST","Southeast","Canton Industrial Area",39.275969,-76.566959,"Wholesaler/store","4:14","p.m."
"615","6/17/2026","Shoplifting","Inside",NA,NA,"None reported","None reported",NA,"4600 FALLS RD","Northern","Roland Park",39.345183,-76.640261,"Convenience store","3:00","p.m."
"616","6/17/2026","Larceny from auto","Outside",NA,NA,"None reported","None reported",NA,"400 NORTH BEND RD","Southwest","Westgate",39.283863,-76.707655,"Street","11:30","p.m."
"617","6/17/2026","Larceny from auto","Outside",NA,"Male","27","White","Hispanic or Latino","3800 S HANOVER ST","Southern","Brooklyn",39.236047,-76.610576,"Street","10:00","p.m."
"618","6/13/2026","Shoplifting","Inside",NA,NA,"None reported","None reported",NA,"300 S EXETER ST","Central","Little Italy",39.286174,-76.600491,"Drug store / med  bldg","5:46","p.m."
"619","6/13/2026","Shoplifting","Inside",NA,NA,"None reported","None reported",NA,"900 N CHARLES ST","Central","Mount Vernon",39.30081,-76.616076,"Convenience store","6:12","p.m."
"620","6/13/2026","Larceny","Outside",NA,"Female","73","Black or African American","Unknown","6200 YORK RD","Northern","Lake Walker",39.369573,-76.609366,"Street","3:50","p.m."
"621","6/14/2026","Larceny from auto","Outside",NA,"Male","42","Black or African American","Not Hispanic or Latino","1500 RUSSELL ST","Southern","Stadium/Entertainment Area",39.273751,-76.62783,"Shed/garage","1:00","a.m."
"622","6/13/2026","Larceny","Inside",NA,"Male","41","Black or African American","Not Hispanic or Latino","4200 MAPLE SHADE DR","Eastern","Orchard Ridge",39.310721,-76.559471,"Other/residential","4:00","p.m."
"623","6/24/2026","Larceny","Inside",NA,"Male","23","White","Hispanic or Latino","900 E 33RD ST","Northeast","Ednor Gardens-Lakeside",39.328697,-76.603027,"Public building","9:00","p.m."
"624","6/25/2026","Larceny from auto","Outside",NA,"Female","28","Black or African American","Unknown","3500 MENLO DR","Northwest","Glen",39.357388,-76.688383,"Street","12:30","a.m."
"625","6/24/2026","Larceny from auto","Outside",NA,"Female","24","Black or African American","Not Hispanic or Latino","400 E 27TH ST","Northern","Harwood",39.320807,-76.610392,"Street","9:00","p.m."
"626","6/24/2026","Larceny from auto","Outside",NA,"Male","37","Black or African American","Not Hispanic or Latino","10 S EUTAW ST","Central","Downtown",39.288266,-76.620675,"Shed/garage","8:00","p.m."
"627","6/24/2026","Larceny","Inside",NA,"Male","75","Black or African American","Unknown","4800 SETON DR","Northwest","Seton Business Park",39.343897,-76.708538,"Drug store / med  bldg","4:00","a.m."
"628","6/24/2026","Larceny","Inside",NA,"Male","29","White","Not Hispanic or Latino","600 S BRADFORD ST","Southeast","Canton",39.284526,-76.583419,"Other/residential","5:30","a.m."
"629","6/24/2026","Larceny","Outside",NA,"Female","37","Black or African American","Not Hispanic or Latino","1100 MCDONOGH ST","Southeast","Middle East",39.303667,-76.593745,"Street","2:16","p.m."
"630","6/24/2026","Larceny from auto","Outside",NA,"Female","38","Black or African American","Not Hispanic or Latino","500 LUCIA AVE","Southwest","Yale Heights",39.274758,-76.692131,"Street","9:30","p.m."
"631","6/13/2026","Larceny of motor vehicle parts or accessories","Outside",NA,"Female","23","Black or African American","Not Hispanic or Latino","2400 SEABURY RD","Southern","Cherry Hill",39.252162,-76.624385,"Shed/garage","12:00","a.m."
"632","6/12/2026","Shoplifting","Inside",NA,NA,"None reported","None reported",NA,"2700 W FRANKLIN ST","Southwest","Penrose/Fayette Street Outreach",39.292972,-76.662036,"Convenience store","7:32","a.m."
"633","6/12/2026","Larceny","Inside",NA,NA,"None reported","None reported",NA,"700 E 25TH ST","Eastern","East Baltimore Midway",39.317976,-76.602822,"Office building","8:11","a.m."
"634","6/12/2026","Shoplifting","Inside",NA,NA,"None reported","None reported",NA,"2500 LIBERTY HEIGHTS AVE","Northern","Liberty Square",39.319742,-76.655646,"Convenience store","9:40","a.m."
"635","6/17/2026","Larceny from auto","Outside",NA,"Female","66","Black or African American","Not Hispanic or Latino","100 N HOWARD ST","Central","Downtown",39.291052,-76.619795,"Street","8:00","p.m."
"636","6/17/2026","Larceny","Inside",NA,"Female","55","Black or African American","Not Hispanic or Latino","2400 N ELLAMONT ST","Northwest","Hanlon-Longwood",39.315087,-76.671619,"Other/residential","4:20","p.m."
"637","6/18/2026","Larceny from auto","Outside",NA,"Male","20","White","Not Hispanic or Latino","2000 E LOMBARD ST","Southeast","Butchers Hill",39.290736,-76.588508,"Street","1:30","a.m."
"638","6/17/2026","Larceny","Inside",NA,"Female","52","White","Unknown","100 W MONTGOMERY ST","Southern","Otterbein",39.280129,-76.617329,"Other/residential","8:06","p.m."
"639","6/14/2026","Larceny from auto","Outside",NA,"Male","27","White","Not Hispanic or Latino","2800 FOSTER AVE","Southeast","Canton",39.28425,-76.577023,"Street","1:00","a.m."
"640","6/21/2026","Shoplifting","Inside",NA,NA,"None reported","None reported",NA,"4000 W NORTHERN PKWY","Northwest","Woodmere",39.348955,-76.691027,"Drug store / med  bldg","11:13","p.m."
"641","6/22/2026","Larceny from auto","Inside",NA,"Male","42","Black or African American","Unknown","2500 QUEEN ANNE RD","Northwest","Windsor Hills",39.314778,-76.686251,"Other/residential","2:45","a.m."
"642","6/22/2026","Larceny","Inside",NA,"Male","19","White","Hispanic or Latino","1900 BREITWERT AVE","Southern","Morrell Park",39.267703,-76.649538,"Other/residential","2:00","a.m."
"643","6/21/2026","Shoplifting","Inside",NA,NA,"None reported","None reported",NA,"1200 W PRATT ST","Southern","Washington Village/Pigtown",39.284379,-76.635476,"Wholesaler/store","7:34","p.m."
"644","6/21/2026","Larceny from auto","Outside",NA,NA,"None reported","None reported",NA,"1900 N CALVERT ST","Eastern","Barclay",39.311325,-76.613872,"Street","1:00","p.m."
"645","6/21/2026","Shoplifting","Inside",NA,NA,"None reported","None reported",NA,"4000 W NORTHERN PKWY","Northwest","Woodmere",39.348955,-76.691027,"Drug store / med  bldg","9:35","p.m."
"646","6/21/2026","Shoplifting","Inside",NA,NA,"None reported","None reported",NA,"4000 W NORTHERN PKWY","Northwest","Woodmere",39.348955,-76.691027,"Drug store / med  bldg","10:05","p.m."
"647","6/21/2026","Larceny","Inside",NA,NA,"None reported","None reported",NA,"800 E FORT AVE","Southern","Riverside",39.270463,-76.603683,"Grocery/confection","3:00","p.m."
"648","6/17/2026","Larceny from auto","Outside",NA,"Female","24","Black or African American","Not Hispanic or Latino","5500 HOLABIRD AVE","Southeast","Canton Industrial Area",39.270931,-76.547989,"Shed/garage","7:15","p.m."
"649","6/17/2026","Larceny from auto","Outside",NA,"Female","32","Black or African American","Not Hispanic or Latino","5500 HOLABIRD AVE","Southeast","Canton Industrial Area",39.270931,-76.547989,"Shed/garage","7:15","p.m."
"650","6/17/2026","Larceny from auto","Outside",NA,"Male","40","Black or African American","Not Hispanic or Latino","4100 NEWBERN AVE","Northwest","Woodmere",39.345373,-76.688584,"Street","10:30","p.m."
"651","6/17/2026","Larceny","Inside",NA,"Female","28","Black or African American","Not Hispanic or Latino","4900 GOODNOW RD","Northeast","Frankford",39.326177,-76.548788,"Other/residential","11:00","a.m."
"652","6/18/2026","Larceny from auto","Outside",NA,"Male","36","Black or African American","Unknown","500 PARK AVE","Central","Mount Vernon",39.29526,-76.618459,"Street","2:00","a.m."
"653","6/14/2026","Larceny","Outside",NA,"Female","48","Black or African American","Not Hispanic or Latino","2100 BRADDISH AVE","Western","Panway/Braddish Avenue",39.311833,-76.661059,"Street","3:14","p.m."
"654","6/14/2026","Shoplifting","Inside",NA,NA,"None reported","None reported",NA,"900 N CHARLES ST","Central","Mount Vernon",39.30081,-76.616076,"Drug store / med  bldg","4:42","p.m."
"655","6/21/2026","Shoplifting","Inside",NA,NA,"None reported","None reported",NA,"600 S EXETER ST","Central","Harbor East",39.283437,-76.60041,"Specialty store","5:00","p.m."
"656","6/22/2026","Larceny from auto","Outside",NA,"Male","44","Black or African American","Unknown","3300 ROUND RD","Southern","Cherry Hill",39.244329,-76.62547,"Street","2:30","a.m."
"657","6/21/2026","Shoplifting","Outside",NA,NA,"None reported","None reported",NA,"1800 WASHINGTON BLVD","Southern","Carroll - Camden Industrial Area",39.275107,-76.642094,"Gas station","4:30","a.m."
"658","6/21/2026","Shoplifting","Inside",NA,NA,"None reported","None reported",NA,"6700 HOLABIRD AVE","Southeast","Graceland Park",39.272425,-76.530571,"Liquor store","2:35","p.m."
"659","6/15/2026","Larceny from auto","Outside",NA,"Male","33","White","Not Hispanic or Latino","3800 GOUGH ST","Southeast","Highlandtown",39.288573,-76.565215,"Street","2:45","a.m."
"660","6/14/2026","Larceny","Inside",NA,"Female","23","Asian","East Asian","1100 PARK AVE","Western","Bolton Hill",39.305319,-76.621883,"Public building","7:26","p.m."
"661","6/14/2026","Larceny from auto","Outside",NA,"Female","25","Black or African American","Not Hispanic or Latino","900 DRUID PARK LAKE DR","Western","Druid Hill Park",39.317097,-76.636233,"Park","4:00","p.m."
"662","6/14/2026","Larceny from auto","Outside",NA,NA,"None reported","None reported",NA,"1700 E PRATT ST","Central","Upper Fells Point",39.289312,-76.59354,"Street","8:30","p.m."
"663","6/13/2026","Shoplifting","Inside",NA,NA,"None reported","None reported",NA,"3700 FLEET ST","Southeast","Brewers Hill",39.285292,-76.565738,"Convenience store","8:16","a.m."
"664","6/13/2026","Shoplifting","Outside",NA,NA,"None reported","None reported",NA,"3600 POTEE ST","Southern","Brooklyn",39.237839,-76.610903,"Street","12:00","p.m."
"665","6/22/2026","Shoplifting","Inside",NA,NA,"None reported","None reported",NA,"700 PRESIDENT ST","Central","Harbor East",39.282934,-76.601492,"Convenience store","4:10","p.m."
"666","6/22/2026","Shoplifting","Inside",NA,NA,"None reported","None reported",NA,"4400 PARK HEIGHTS AVE","Northern","Central Park Heights",39.339901,-76.667108,"Liquor store","10:15","p.m."
"667","6/22/2026","Larceny from auto","Inside",NA,"Male","51","Black or African American","Unknown","700 ALICEANNA ST","Central","Harbor East",39.283108,-76.602767,"Hotel/motel","2:30","a.m."
"668","6/22/2026","Larceny from auto","Inside",NA,"Female","58","Black or African American","Unknown","700 ALICEANNA ST","Central","Harbor East",39.283108,-76.602767,"Hotel/motel","2:30","a.m."
"669","6/18/2026","Larceny","Inside",NA,"Male","35","White","Not Hispanic or Latino","30 N DECKER AVE","Southeast","Patterson Park Neighborhood",39.293287,-76.574228,"Other/residential","9:00","a.m."
"670","6/18/2026","Larceny","Inside",NA,NA,"None reported","None reported",NA,"2300 N CHARLES ST","Eastern","Old Goucher",39.31621,-76.616675,"Day care","5:40","p.m."
"671","6/18/2026","Larceny","Inside",NA,NA,"None reported","None reported",NA,"600 EXETER HALL AVE","Northern","Better Waverly",39.323144,-76.608323,"Office building","4:25","p.m."
"672","6/22/2026","Larceny","Inside",NA,"Female","38","Black or African American","Unknown","2700 W BALTIMORE ST","Southwest","Shipley Hill",39.287813,-76.659397,"Other/residential","9:07","p.m."
"673","6/22/2026","Larceny","Inside",NA,"Male","36","Black or African American","Not Hispanic or Latino","200 N LINWOOD AVE","Southeast","Mcelderry Park",39.295692,-76.576601,"Other/residential","8:00","p.m."
"674","6/14/2026","Larceny","Outside",NA,"Male","47","None reported","Hispanic or Latino","3800 E LOMBARD ST","Southeast","Baltimore Highlands",39.292117,-76.565221,"Street","5:00","a.m."
"675","6/14/2026","Larceny from auto","Outside",NA,"Male","52","Black or African American","Not Hispanic or Latino","1800 E PRATT ST","Central","Upper Fells Point",39.289485,-76.591045,"Street","8:45","a.m."
"676","6/14/2026","Larceny","Inside",NA,"Male","57","Black or African American","Not Hispanic or Latino","3200 WISTERIA AVE","Northeast","Hamilton",39.35023,-76.557661,"Other/residential","5:30","a.m."
"677","6/14/2026","Shoplifting","Inside",NA,NA,"None reported","None reported",NA,"30 LIGHT ST","Central","Downtown",39.287883,-76.61386,"Office building","10:35","a.m."
"678","6/14/2026","Shoplifting","Inside",NA,NA,"None reported","None reported",NA,"2000 N FOREST PARK AVE","Northwest","Franklintown",39.309338,-76.708484,"Convenience store","3:24","p.m."
"679","6/14/2026","Larceny","Inside",NA,"Male","55","White","Not Hispanic or Latino","1200 S CONKLING ST","Southeast","Canton",39.279283,-76.566869,"Other/residential","7:08","p.m."
"680","6/18/2026","Larceny of motor vehicle parts or accessories","Outside",NA,NA,"None reported","None reported",NA,"1400 S EDGEWOOD ST","Southern","Violetville",39.262791,-76.669258,"Shed/garage","9:15","p.m."
"681","6/18/2026","Larceny from auto","Inside",NA,"Male","62","Black or African American","Not Hispanic or Latino","3800 TOWANDA AVE","Northern","Park Circle",39.33171,-76.663571,"Other/residential","6:31","p.m."
"682","6/18/2026","Larceny from auto","Outside",NA,"Female","51","None reported","Not Hispanic or Latino","1600 E FORT AVE","Southern","Locust Point",39.268206,-76.591679,"Park","2:00","p.m."
"683","6/22/2026","Larceny","Inside",NA,"Female","39","Asian","Unknown","20 LIGHT ST","Central","Downtown",39.288355,-76.613894,"Convenience store","8:11","p.m."
"684","6/22/2026","Shoplifting","Inside",NA,NA,"None reported","None reported",NA,"5400 HARFORD RD","Northeast","Waltherson",39.351335,-76.561931,"Drug store / med  bldg","8:00","p.m."
"685","6/22/2026","Larceny","Outside",NA,"Male","31","Asian","Not Hispanic or Latino","3100 FREDERICK AVE","Southwest","Gwynns Falls",39.280308,-76.669134,"Car lot-new/used","4:00","p.m."
"686","6/22/2026","Shoplifting","Inside",NA,NA,"None reported","None reported",NA,"2400 FREDERICK AVE","Southwest","Millhill",39.282588,-76.653448,"Wholesaler/store","8:41","p.m."
"687","6/9/2026","Shoplifting","Inside",NA,NA,"None reported","None reported",NA,"600 S EXETER ST","Central","Harbor East",39.283869,-76.600476,"Convenience store","7:11","p.m."
"688","6/18/2026","Shoplifting","Inside",NA,NA,"None reported","None reported",NA,"3700 FLEET ST","Southeast","Brewers Hill",39.285292,-76.565738,"Convenience store","3:20","p.m."
"689","6/18/2026","Larceny","Inside",NA,NA,"None reported","None reported",NA,"700 N CALVERT ST","Central","Mount Vernon",39.298512,-76.613311,"Religious  institution","11:12","p.m."
"690","6/18/2026","Larceny","Inside",NA,"Female","68","Black or African American","Not Hispanic or Latino","2500 FRANCIS ST","Western","Penn North",39.313953,-76.643251,"Other/residential","10:00","a.m."
"691","6/19/2026","Larceny","Inside",NA,"Male","23","Black or African American","Not Hispanic or Latino","3600 CHESTERFIELD AVE","Eastern","Belair-Edison",39.317687,-76.563406,"Other/residential","6:15","p.m."
"692","6/19/2026","Larceny","Inside",NA,"Female","29","White","Not Hispanic or Latino","100 S WOLFE ST","Central","Upper Fells Point",39.289962,-76.590162,"Other/residential","11:03","p.m."
"693","6/18/2026","Larceny","Inside",NA,"Female","29","White","Not Hispanic or Latino","200 S CLINTON ST","Southeast","Highlandtown",39.289335,-76.570335,"Other/residential","10:00","p.m."
"694","6/15/2026","Shoplifting","Inside",NA,NA,"None reported","None reported",NA,"600 S EXETER ST","Central","Harbor East",39.283869,-76.600476,"Drug store / med  bldg","9:38","p.m."
"695","6/15/2026","Shoplifting","Inside",NA,NA,"None reported","None reported",NA,"5600 BELAIR RD","Northeast","Frankford",39.341724,-76.545966,"Office building","3:51","p.m."
"696","6/19/2026","Larceny","Inside",NA,"Female","38","Black or African American","Not Hispanic or Latino","3400 UNIVERSITY PL","Northern","Oakenshawe",39.329737,-76.612169,"Other/residential","3:35","p.m."
"697","6/19/2026","Larceny","Outside",NA,"Female","50","Black or African American","Not Hispanic or Latino","1700 EASTERN AVE","Central","Fells Point",39.285646,-76.593299,"Street","3:00","p.m."
"698","6/20/2026","Larceny","Inside",NA,NA,"None reported","None reported",NA,"4400 PARK HEIGHTS AVE","Northern","Central Park Heights",39.340366,-76.667434,"Wholesaler/store","12:47","a.m."
"699","6/16/2026","Larceny","Outside",NA,NA,"None reported","None reported",NA,"1800 S CATON AVE","Southern","Violetville",39.25797,-76.66493,"Shed/garage","2:00","a.m."
"700","6/15/2026","Larceny","Outside",NA,"Female","28","White","Not Hispanic or Latino","900 S CATON AVE","Southern","Violetville",39.271758,-76.67432,"Street","5:30","a.m."
"701","6/15/2026","Larceny","Inside",NA,"Female","39","White","Not Hispanic or Latino","3300 FLEET ST","Southeast","Canton",39.285668,-76.569237,"Other/residential","4:00","p.m."
"702","6/15/2026","Larceny","Inside",NA,"Male","45","White","Not Hispanic or Latino","400 N LUZERNE AVE","Southeast","Mcelderry Park",39.296168,-76.580902,"Other/residential","2:34","p.m."
"703","6/15/2026","Larceny","Inside",NA,"Female","32","Unknown","Hispanic or Latino","300 S ROBINSON ST","Southeast","Highlandtown",39.288183,-76.572541,"Other/residential","6:41","p.m."
"704","6/15/2026","Larceny of motor vehicle parts or accessories","Outside",NA,"Male","54","Black or African American","Unknown","2900 FREDERICK AVE","Southwest","Gwynns Falls",39.279708,-76.665504,"Street","11:00","p.m."
"705","6/19/2026","Larceny from auto","Inside",NA,"Male","43","Black or African American","Unknown","1100 NANTICOKE ST","Southern","Washington Village/Pigtown",39.280417,-76.631104,"Other/residential","8:00","a.m."
"706","6/19/2026","Larceny of motor vehicle parts or accessories","Outside",NA,"Male","29","Black or African American","Unknown","3200 KENTUCKY AVE","Eastern","Belair-Edison",39.322511,-76.568615,"Street","10:00","p.m."
"707","6/20/2026","Larceny","Inside",NA,"Male","27","White","Hispanic or Latino","6300 ERDMAN AVE","Southeast","Pulaski Industrial Area",39.30163,-76.540789,"Office building","1:30","a.m."
"708","6/20/2026","Larceny of motor vehicle parts or accessories","Outside",NA,"Female","None reported","White","Unknown","3900 EDGEHILL AVE","Northern","Hampden",39.336004,-76.638663,"Street","1:00","a.m."
"709","6/17/2026","Shoplifting","Inside",NA,NA,"None reported","None reported",NA,"3400 BELAIR RD","Eastern","Belair-Edison",39.322688,-76.571234,"Convenience store","12:58","a.m."
"710","6/15/2026","Larceny of motor vehicle parts or accessories","Outside",NA,"Female","62","Black or African American","Not Hispanic or Latino","2400 BRIDGEHAMPTON DR","Northeast","Hamilton Hills",39.370982,-76.565103,"Shed/garage","9:30","p.m."
"711","6/12/2026","Larceny","Inside",NA,"Female","59","Black or African American","Unknown","1500 CLAREMONT ST","Central","Perkins",39.288423,-76.596192,"Other/residential","1:45","p.m."
"712","6/16/2026","Larceny","Inside",NA,"Male","54","Black or African American","Not Hispanic or Latino","3800 EGERTON RD","Northwest","Callaway-Garrison",39.327771,-76.680903,"Other/residential","6:30","p.m."
"713","6/16/2026","Shoplifting","Inside",NA,NA,"None reported","None reported",NA,"2500 GREENMOUNT AVE","Northern","Better Waverly",39.31859,-76.609288,"Wholesaler/store","10:52","p.m."
"714","6/16/2026","Larceny","Inside",NA,NA,"None reported","None reported",NA,"2500 GREENMOUNT AVE","Northern","Better Waverly",39.31859,-76.609288,"Convenience store","11:30","p.m."
"715","6/11/2026","Larceny from auto","Outside",NA,"Male","26","White","Not Hispanic or Latino","300 S ROBINSON ST","Southeast","Highlandtown",39.287691,-76.572163,"Street","8:30","p.m."
"716","6/16/2026","Shoplifting","Inside",NA,NA,"None reported","None reported",NA,"900 N WASHINGTON ST","Southeast","Middle East",39.300779,-76.589972,"Drug store / med  bldg","1:30","p.m."
"717","6/16/2026","Shoplifting","Inside",NA,NA,"None reported","None reported",NA,"2500 GREENMOUNT AVE","Northern","Better Waverly",39.31859,-76.609288,"Wholesaler/store","12:00","p.m."
"718","6/16/2026","Shoplifting","Inside",NA,NA,"None reported","None reported",NA,"6600 BELAIR RD","Northeast","Cedmont",39.354602,-76.530442,"Wholesaler/store","1:02","p.m."
"719","6/14/2026","Shoplifting","Inside",NA,NA,"None reported","None reported",NA,"4600 LIBERTY HEIGHTS AVE","Northwest","Howard Park",39.330128,-76.695675,"Office building","1:30","a.m."
"720","6/11/2026","Larceny","Outside",NA,"Male","35","Black or African American","Not Hispanic or Latino","5600 PULASKI HWY","Southeast","Pulaski Industrial Area",39.300944,-76.549814,"Car lot-new/used","6:00","p.m."
"721","6/7/2026","Shoplifting","Inside",NA,NA,"None reported","None reported",NA,"900 N CAROLINE ST","Central","Gay Street",39.301159,-76.597047,"Convenience store","12:30","p.m."
"722","6/10/2026","Larceny","Inside","Personal weapons","Female","44","Black or African American","Unknown","100 N KOSSUTH ST","Southwest","Saint Josephs",39.288476,-76.673016,"Other/residential","3:50","p.m."
"723","6/10/2026","Shoplifting","Inside",NA,NA,"None reported","None reported",NA,"600 S EXETER ST","Central","Harbor East",39.283869,-76.600476,"Convenience store","6:57","p.m."
"724","6/10/2026","Shoplifting","Inside",NA,NA,"None reported","None reported",NA,"3500 BOSTON ST","Southeast","Canton",39.277646,-76.567053,"Convenience store","9:40","p.m."
"725","6/10/2026","Shoplifting","Inside",NA,NA,"None reported","None reported",NA,"4400 PARK HEIGHTS AVE","Northern","Central Park Heights",39.339901,-76.667108,"Liquor store","11:49","p.m."
"726","6/11/2026","Larceny of motor vehicle parts or accessories","Outside",NA,"Male","39","American Indian or Alaska Native","Not Hispanic or Latino","3700 CALLAWAY AVE","Northwest","Ashburton",39.330255,-76.676537,"Street","12:00","a.m."
"727","6/10/2026","Larceny of motor vehicle parts or accessories","Outside",NA,"Female","65","Black or African American","Not Hispanic or Latino","5300 MIDWOOD AVE","Northeast","Woodbourne-Mccabe",39.353402,-76.602761,"Street","8:00","p.m."
"728","6/10/2026","Larceny","Inside",NA,"Female","30","Black or African American","Unknown","300 W FAYETTE ST","Central","Downtown",39.290629,-76.619994,"Other/residential","4:31","p.m."
"729","6/22/2026","Larceny","Inside",NA,NA,"None reported","None reported",NA,"4000 W NORTHERN PKWY","Northwest","Woodmere",39.348955,-76.691027,"Unknown","2:05","p.m."
"730","6/22/2026","Shoplifting","Outside",NA,NA,"None reported","None reported",NA,"6300 EASTERN AVE","Southeast","Pulaski Industrial Area",39.286307,-76.538935,"Shed/garage","9:10","p.m."
"731","6/22/2026","Shoplifting","Inside",NA,NA,"None reported","None reported",NA,"2400 WASHINGTON BLVD","Southern","Morrell Park",39.268187,-76.650483,"Convenience store","9:45","p.m."
"732","6/9/2026","Larceny","Inside",NA,"Female","25","None reported","Unknown","4100 BOARMAN AVE","Northwest","Dorchester",39.333846,-76.687406,"Other/residential","9:45","p.m."
"733","6/22/2026","Larceny","Inside",NA,"Male","45","White","Unknown","1100 GREENMOUNT AVE","Central","Johnston Square",39.303573,-76.608056,"Public building","1:10","p.m."
"734","6/23/2026","Larceny","Inside",NA,"Female","30","Black or African American","Unknown","3900 FLAMINGO PL","Northern","Hampden",39.335381,-76.638522,"Other/residential","12:00","a.m."
"735","6/22/2026","Larceny","Inside",NA,"Female","29","White","Not Hispanic or Latino","1700 PARK AVE","Western","Bolton Hill",39.310213,-76.628136,"Other/residential","5:00","p.m."
"736","6/22/2026","Larceny","Inside",NA,"Male","55","Black or African American","Not Hispanic or Latino","4600 SIPPLE AVE","Northeast","Frankford",39.327984,-76.551869,"Other/residential","1:55","p.m."
"737","6/19/2026","Larceny of motor vehicle parts or accessories","Outside",NA,"Male","30","Black or African American","Not Hispanic or Latino","3900 MARX AVE","Northeast","Waltherson",39.336778,-76.561594,"Street","8:00","p.m."
"738","6/9/2026","Shoplifting","Inside",NA,NA,"None reported","None reported",NA,"2200 E MONUMENT ST","Southeast","Middle East",39.298873,-76.585416,"Convenience store","7:15","p.m."
"739","6/9/2026","Shoplifting","Inside",NA,NA,"None reported","None reported",NA,"1000 FLEET ST","Central","Harbor East",39.284097,-76.599797,"Shopping malls/cntr","8:47","p.m."
"740","6/10/2026","Larceny from auto","Outside",NA,"Female","37","Black or African American","Not Hispanic or Latino","600 N PULASKI ST","Western","Midtown-Edmondson",39.295441,-76.650636,"Street","1:00","a.m."
"741","6/10/2026","Larceny from auto","Outside",NA,"Male","25","Black or African American","Not Hispanic or Latino",NA,"Central","Dunbar-Broadway",39.293646,-76.598488,"Street","1:00","a.m."
"742","6/9/2026","Larceny","Inside",NA,"Male","26","Black or African American","Unknown","4000 ARDLEY AVE","Eastern","Belair-Edison",39.317793,-76.557745,"Other/residential","11:00","p.m."
"743","6/8/2026","Larceny from auto","Outside",NA,"Female","23","Black or African American","Unknown","100 S ELLAMONT ST","Southwest","Carroll-South Hilton",39.284209,-76.670505,"Street","10:00","p.m."
"744","6/9/2026","Shoplifting","Inside",NA,NA,"None reported","None reported",NA,"400 W PRATT ST","Central","Downtown West",39.285918,-76.621779,"Other/residential","4:19","p.m."
"745","6/6/2026","Shoplifting","Inside",NA,NA,"None reported","None reported",NA,"5300 YORK RD","Northern","Woodbourne-Mccabe",39.35484,-76.609709,"Wholesaler/store","5:55","p.m."
"746","6/8/2026","Shoplifting","Inside",NA,NA,"None reported","None reported",NA,"6300 YORK RD","Northern","Lake Walker",39.371499,-76.609362,"Convenience store","3:06","p.m."
"747","6/8/2026","Shoplifting","Inside",NA,NA,"None reported","None reported",NA,"3800 E LOMBARD ST","Southeast","Baltimore Highlands",39.292131,-76.5646,"Wholesaler/store","3:00","p.m."
"748","6/8/2026","Larceny from auto","Inside",NA,"Female","36","Black or African American","Unknown","4400 GARRISON BLVD","Northwest","West Arlington",39.337453,-76.685158,"Public building","1:52","p.m."
"749","6/8/2026","Larceny","Inside",NA,"Female","38","Black or African American","Unknown","3400 FREDERICK AVE","Southwest","Irvington",39.280909,-76.674083,"Specialty store","9:00","a.m."
"750","6/20/2026","Larceny of motor vehicle parts or accessories","Outside",NA,"Male","59","Black or African American","Not Hispanic or Latino","1100 N FREMONT AVE","Western","Sandtown-Winchester",39.301696,-76.635974,"Street","2:00","a.m."
"751","6/19/2026","Larceny of motor vehicle parts or accessories","Outside",NA,"Female","41","White","Not Hispanic or Latino","500 PONTIAC AVE","Southern","Brooklyn",39.235796,-76.604113,"Street","9:00","p.m."
"752","6/19/2026","Larceny","Inside",NA,"Male","28","White","Not Hispanic or Latino","3000 O'DONNELL ST","Southeast","Canton",39.280531,-76.573841,"Tavern/night club","4:00","p.m."
"753","6/19/2026","Shoplifting","Inside",NA,NA,"None reported","None reported",NA,"3700 FLEET ST","Southeast","Brewers Hill",39.285292,-76.565738,"Convenience store","8:50","p.m."
"754","6/11/2026","Larceny from auto","Outside",NA,"Male","22","Black or African American","Unknown","1100 N MONTFORD AVE","Southeast","Biddle Street",39.303958,-76.584236,"Street","2:45","p.m."
"755","6/12/2026","Larceny from auto","Inside",NA,"Male","20","Native Hawaiian or other Pacific Islander","Hispanic or Latino","5900 EURITH AVE","Northeast","Cedmont",39.343798,-76.53087,"Other/residential","12:40","a.m."
"756","6/12/2026","Larceny from auto","Outside",NA,"Male","60","Black or African American","Unknown","5500 WHITBY RD","Northeast","Cedonia",39.333729,-76.5316,"Street","3:00","a.m."
"757","6/9/2026","Larceny from auto","Outside",NA,"Female","71","Black or African American","Unknown","2400 CALVERTON HEIGHTS AVE","Western","Evergreen Lawn",39.297482,-76.656251,"Street","1:30","a.m."
"758","6/10/2026","Shoplifting","Outside",NA,NA,"None reported","None reported",NA,"6200 PULASKI HWY","Southeast","Pulaski Industrial Area",39.302442,-76.543381,"Gas station","4:00","p.m."
"759","6/10/2026","Shoplifting","Inside",NA,NA,"None reported","None reported",NA,"600 S EXETER ST","Central","Harbor East",39.283869,-76.600476,"Drug store / med  bldg","4:28","p.m."
"760","6/10/2026","Larceny","Inside",NA,"Female","45","Black or African American","Unknown","200 S LOUDON AVE","Southwest","Irvington",39.282683,-76.681734,"Other/residential","1:44","p.m."
"761","6/10/2026","Larceny","Inside",NA,"Female","26","White","Not Hispanic or Latino","300 S ROBINSON ST","Southeast","Highlandtown",39.287946,-76.572512,"Other/residential","4:48","p.m."
"762","6/28/2026","Shoplifting","Inside",NA,NA,"None reported","None reported",NA,"2500 EDMONDSON AVE","Western","Rosemont Homeowners/Tenants",39.29488,-76.658074,"Convenience store","4:30","p.m."
"763","6/28/2026","Larceny from auto","Inside",NA,"Male","24","Black or African American","Not Hispanic or Latino","600 MOZART WAY","Southeast","Brewers Hill",39.285241,-76.561568,"Other/residential","9:23","a.m."
"764","6/28/2026","Shoplifting","Inside",NA,NA,"None reported","None reported",NA,"3500 BOSTON ST","Southeast","Canton Industrial Area",39.275969,-76.566959,"Wholesaler/store","7:37","p.m."
"765","6/28/2026","Larceny of motor vehicle parts or accessories","Outside",NA,NA,"None reported","None reported",NA,"5800 BELAIR RD","Northeast","Cedmont",39.344522,-76.542037,"Car lot-new/used","10:00","p.m."
"766","6/8/2026","Larceny","Outside",NA,"Male","37","Asian","Unknown","800 N COLLINGTON AVE","Southeast","Middle East",39.300215,-76.58657,"Street","10:34","a.m."
"767","6/8/2026","Shoplifting","Inside",NA,NA,"None reported","None reported",NA,"5800 YORK RD","Northern","Belvedere",39.362089,-76.609609,"Convenience store","6:16","p.m."
"768","6/9/2026","Larceny","Inside",NA,NA,"None reported","None reported",NA,"2200 E MONUMENT ST","Southeast","Middle East",39.298856,-76.585999,"Wholesaler/store","2:00","a.m."
"769","6/9/2026","Larceny of motor vehicle parts or accessories","Inside",NA,"Male","49","Black or African American","Unknown","4100 ROCKFIELD AVE","Northwest","Woodmere",39.346067,-76.689026,"Other/residential","3:00","a.m."
"770","6/10/2026","Larceny","Inside",NA,"Female","64","White","Not Hispanic or Latino","5800 YORK RD","Northern","Belvedere",39.362089,-76.609609,"Specialty store","10:00","p.m."
"771","6/10/2026","Larceny","Inside",NA,"Female","21","Black or African American","Unknown","300 MCMECHEN ST","Western","Bolton Hill",39.306507,-76.628188,"Other/residential","9:23","p.m."
"772","6/28/2026","Larceny from auto","Outside",NA,"Male","48","None reported","Hispanic or Latino","4900 FOSTER AVE","Southeast","Greektown",39.28512,-76.554762,"Street","10:00","p.m."
"773","6/28/2026","Shoplifting","Inside",NA,NA,"None reported","None reported",NA,"2800 S HANOVER ST","Southern","Middle Branch/Reedbird Parks",39.253886,-76.617401,"Convenience store","9:21","a.m."
"774","6/28/2026","Shoplifting","Inside",NA,NA,"None reported","None reported",NA,"1100 W 41ST ST","Northern","Hampden",39.337695,-76.636716,"Convenience store","9:10","a.m."
"775","6/8/2026","Larceny from auto","Outside",NA,"Female","21","Black or African American","Not Hispanic or Latino","1600 E FEDERAL ST","Eastern","Oliver",39.308623,-76.59613,"Street","6:00","a.m."
"776","6/7/2026","Larceny","Inside",NA,"Female","68","White","Unknown","100 N EAST AVE","Southeast","Patterson Park Neighborhood",39.294231,-76.572683,"Other/residential","5:23","p.m."
"777","6/10/2026","Larceny from auto","Outside",NA,"Female","48","Black or African American","Not Hispanic or Latino","4900 GUNTHER AVE","Northeast","Frankford",39.325861,-76.549661,"Street","10:00","p.m."
"778","6/11/2026","Larceny from auto","Outside",NA,"Male","29","White","Hispanic or Latino","4300 ROKEBY RD","Southwest","Rognel Heights",39.297406,-76.69113,"Street","1:30","a.m."
"779","6/10/2026","Larceny","Inside",NA,"Male","49","White","Not Hispanic or Latino","800 PARK AVE","Central","Mid-Town Belvedere",39.301578,-76.618787,"Tavern/night club","5:30","a.m."
"780","6/10/2026","Shoplifting","Inside",NA,NA,"None reported","None reported",NA,"6100 HARFORD RD","Northeast","Westfield",39.35841,-76.555797,"Wholesaler/store","4:00","p.m."
"781","6/10/2026","Larceny from auto","Outside",NA,"Female","30","Black or African American","Unknown","200 E SARATOGA ST","Central","Downtown",39.292572,-76.611621,"Street","6:00","a.m."
"782","6/10/2026","Shoplifting","Inside",NA,NA,"None reported","None reported",NA,"20 LIGHT ST","Central","Downtown",39.288355,-76.613894,"Convenience store","4:12","p.m."
"783","6/10/2026","Shoplifting","Inside",NA,NA,"None reported","None reported",NA,"2400 N CHARLES ST","Eastern","Old Goucher",39.316765,-76.61649,"Wholesaler/store","4:32","p.m."
"784","6/10/2026","Larceny","Inside",NA,"Female","63","White","Not Hispanic or Latino","800 TOLNA ST","Southeast","Greektown",39.283725,-76.550889,"Other/residential","8:00","a.m."
"785","6/19/2026","Larceny from auto","Inside",NA,"Male","40","Black or African American","Not Hispanic or Latino","100 S ROCK GLEN RD","Southwest","Westgate",39.2826,-76.698616,"Other/residential","9:45","a.m."
"786","6/29/2026","Larceny of motor vehicle parts or accessories","Outside",NA,"Female","60","Black or African American","Not Hispanic or Latino",NA,"Northern","Homeland",39.364303,-76.617697,"Street","3:00","a.m."
"787","6/28/2026","Larceny from auto","Outside",NA,"Male","56","White","Not Hispanic or Latino","1500 LANCASTER ST","Central","Fells Point",39.282637,-76.595713,"Street","7:30","p.m."
"788","6/28/2026","Larceny of motor vehicle parts or accessories","Outside",NA,"Male","35","White","Not Hispanic or Latino","600 N CALVERT ST","Central","Mount Vernon",39.296593,-76.612616,"Street","11:00","p.m."
"789","6/28/2026","Larceny","Inside",NA,"Female","32","Black or African American","Not Hispanic or Latino","1500 DRUID HILL AVE","Western","Upton",39.304141,-76.631437,"Other/residential","11:47","p.m."
"790","6/28/2026","Larceny","Inside",NA,"Female","32","Black or African American","Not Hispanic or Latino","1500 DRUID HILL AVE","Western","Upton",39.304141,-76.631437,"Other/residential","10:05","a.m."
"791","6/22/2026","Larceny from auto","Outside",NA,"Male","43","Black or African American","Not Hispanic or Latino","1500 ROUNDHILL RD","Northeast","Hillen",39.33812,-76.592092,"Street","6:01","a.m."
"792","6/22/2026","Larceny from auto","Outside",NA,"Male","66","White","Not Hispanic or Latino","4900 BOSTON ST","Southeast","Canton Industrial Area",39.276811,-76.553907,"Shed/garage","10:30","a.m."
"793","6/22/2026","Shoplifting","Inside",NA,NA,"None reported","None reported",NA,"900 N CAROLINE ST","Central","Gay Street",39.301159,-76.597047,"Wholesaler/store","2:34","p.m."
"794","6/7/2026","Larceny","Inside",NA,"Male","38","White","Hispanic or Latino","100 S REGESTER ST","Central","Upper Fells Point",39.290165,-76.592411,"Other/residential","6:40","p.m."
"795","6/7/2026","Larceny","Inside",NA,"Female","23","Black or African American","Not Hispanic or Latino",NA,"Central","Inner Harbor",39.28346,-76.605468,"Office building","11:03","p.m."
"796","6/7/2026","Larceny","Inside",NA,"Male","31","Black or African American","Unknown","1500 POPLAR GROVE ST","Northwest","Northwest Community Action",39.305171,-76.665249,"Other/residential","2:00","p.m."
"797","6/16/2026","Shoplifting","Inside",NA,NA,"None reported","None reported",NA,"1000 W 41ST ST","Northern","Hoes Heights",39.3382,-76.63457,"Drug store / med  bldg","7:28","p.m."
"798","6/10/2026","Larceny from auto","Outside",NA,"Female","29","Black or African American","Not Hispanic or Latino","4300 PARKTON ST","Southwest","Yale Heights",39.277208,-76.689048,"Street","10:00","p.m."
"799","6/7/2026","Larceny","Outside",NA,NA,"None reported","None reported",NA,"4300 WEST BAY AVE","Southern","Brooklyn",39.224256,-76.593999,"Construction site","10:05","a.m."
"800","6/10/2026","Larceny","Inside",NA,"Male","0","None reported","Unknown","200 S ANN ST","Central","Upper Fells Point",39.288832,-76.591408,"Other/residential","9:18","a.m."
"801","6/9/2026","Shoplifting","Inside",NA,NA,"None reported","None reported",NA,"5900 YORK RD","Northern","Chinquapin Park",39.364661,-76.609702,"Liquor store","6:06","p.m."
"802","6/7/2026","Larceny","Inside",NA,"Female","55","Black or African American","Unknown","200 S CAROLINE ST","Central","Perkins",39.288638,-76.597047,"Other/residential","3:48","p.m."
"803","6/7/2026","Larceny","Inside",NA,"Unknown","33","None reported","Unknown","3300 DORCHESTER RD","Northwest","Ashburton",39.326275,-76.672717,"Other/residential","9:00","a.m."
"804","6/7/2026","Larceny","Inside",NA,"Female","61","Black or African American","Unknown","1000 E 33RD ST","Northeast","Ednor Gardens-Lakeside",39.330375,-76.600441,"Other/residential","9:09","p.m."
"805","6/8/2026","Larceny from auto","Outside",NA,"Male","23","Black or African American","Not Hispanic or Latino","3000 SEABURY RD","Southern","Cherry Hill",39.249445,-76.621187,"Street","3:00","a.m."
"806","6/7/2026","Shoplifting","Inside",NA,NA,"None reported","None reported",NA,"6300 EASTERN AVE","Southeast","Bayview",39.288007,-76.539402,"Convenience store","6:07","a.m."
"807","6/8/2026","Shoplifting","Inside",NA,NA,"None reported","None reported",NA,"3700 FLEET ST","Southeast","Brewers Hill",39.285292,-76.565738,"Convenience store","2:35","a.m."
"808","6/7/2026","Larceny","Inside",NA,"Female","33","Black or African American","Unknown",NA,"Eastern","Charles North",39.307525,-76.616418,"Bus/railroad station","6:00","p.m."
"809","6/22/2026","Larceny from auto","Outside",NA,"Male","70","White","Unknown","200 N GILMOR ST","Southwest","Franklin Square",39.290822,-76.642667,"Street","7:00","p.m."
"810","6/22/2026","Larceny from auto","Inside",NA,"Male","55","Black or African American","Unknown","2200 N MONROE ST","Western","Mondawmin",39.313661,-76.648656,"Other/residential","10:30","p.m."
"811","6/23/2026","Shoplifting","Inside",NA,NA,"None reported","None reported",NA,"3700 FLEET ST","Southeast","Brewers Hill",39.285292,-76.565738,"Convenience store","2:45","a.m."
"812","6/22/2026","Larceny","Inside",NA,"Female","22","Black or African American","Not Hispanic or Latino","6300 GREENSPRING AVE","Northwest","Cheswolde",39.370068,-76.685061,"Other/residential","4:00","p.m."
"813","6/9/2026","Larceny","Inside",NA,"Female","33","White","Unknown","300 S ANN ST","Central","Upper Fells Point",39.287066,-76.591663,"Other/residential","5:00","p.m."
"814","6/14/2026","Shoplifting","Inside",NA,NA,"None reported","None reported",NA,"2200 E MONUMENT ST","Southeast","Middle East",39.298873,-76.585416,"Wholesaler/store","12:47","p.m."
"815","6/14/2026","Shoplifting","Inside",NA,NA,"None reported","None reported",NA,"4000 W NORTHERN PKWY","Northwest","Woodmere",39.348955,-76.691027,"Drug store / med  bldg","1:10","p.m."
"816","6/14/2026","Larceny","Inside",NA,"Female","42","Black or African American","Not Hispanic or Latino","1200 N CAROLINE ST","Eastern","Oliver",39.304583,-76.597789,"Other/residential","1:16","p.m."
"817","6/14/2026","Shoplifting","Inside",NA,NA,"None reported","None reported",NA,"4000 W NORTHERN PKWY","Northwest","Woodmere",39.348955,-76.691027,"Drug store / med  bldg","10:06","p.m."
"818","6/14/2026","Larceny","Outside",NA,"Female","38","Black or African American","Not Hispanic or Latino","20 S CULVER ST","Southwest","Saint Josephs",39.285591,-76.677512,"Street","9:00","p.m."
"819","6/14/2026","Shoplifting","Inside",NA,NA,"None reported","None reported",NA,"500 N CHARLES ST","Central","Mount Vernon",39.296178,-76.615334,"Convenience store","10:00","a.m."
"820","6/7/2026","Larceny from auto","Outside",NA,"Male","44","Black or African American","Not Hispanic or Latino","1600 E LANVALE ST","Eastern","Oliver",39.309392,-76.596342,"Street","5:00","p.m."
"821","6/22/2026","Shoplifting","Inside",NA,NA,"None reported","None reported",NA,"3800 E LOMBARD ST","Southeast","Baltimore Highlands",39.292131,-76.5646,"Wholesaler/store","2:20","p.m."
"822","6/22/2026","Larceny","Inside",NA,"Male","30","American Indian or Alaska Native","Not Hispanic or Latino","30 E WEST ST","Southern","Federal Hill",39.275827,-76.612768,"Other/residential","12:00","p.m."
"823","6/22/2026","Larceny","Inside",NA,NA,"None reported","None reported",NA,"2200 ROSLYN AVE","Northwest","Mount Holly",39.312949,-76.677591,"Other/residential","3:00","p.m."
"824","6/22/2026","Larceny","Inside",NA,"Female","39","White","Not Hispanic or Latino","3100 ELLERSLIE AVE","Northern","Better Waverly",39.325905,-76.604773,"Other/residential","8:15","p.m."
"825","6/22/2026","Larceny from auto","Inside",NA,"Female","38","White","Not Hispanic or Latino","600 WASHINGTON BLVD","Southern","Ridgely's Delight",39.284612,-76.624414,"Other/residential","5:30","a.m."
"826","6/22/2026","Larceny","Inside",NA,"Male","41","Black or African American","Not Hispanic or Latino","300 W MADISON ST","Central","Mount Vernon",39.298278,-76.620226,"Other/residential","7:00","p.m."
"827","6/9/2026","Larceny","Outside",NA,"Male","74","White","Unknown","200 W READ ST","Central","Mid-Town Belvedere",39.30049,-76.618747,"Street","6:15","p.m."
"828","6/10/2026","Larceny from auto","Outside",NA,"Male","29","Black or African American","Unknown","1100 ORLEANS ST","Central","Oldtown",39.295445,-76.60256,"Street","3:30","a.m."
"829","6/10/2026","Larceny from auto","Outside",NA,"Male","34","White","Hispanic or Latino","2900 MALLVIEW RD","Southern","Lakeland",39.252069,-76.641994,"Street","12:30","a.m."
"830","6/6/2026","Larceny","Inside",NA,"Male","56","Black or African American","Not Hispanic or Latino","1500 SHEFFIELD RD","Northeast","Hillen",39.342094,-76.590318,"Other/residential","8:40","a.m."
"831","6/14/2026","Shoplifting","Inside",NA,NA,"None reported","None reported",NA,"3900 BOSTON ST","Southeast","Canton Industrial Area",39.275908,-76.563829,"Wholesaler/store","8:30","p.m."
"832","6/14/2026","Shoplifting","Inside",NA,NA,"None reported","None reported",NA,"2400 LIBERTY HEIGHTS AVE","Western","Mondawmin",39.318693,-76.6544,"Shopping malls/cntr","8:42","p.m."
"833","6/14/2026","Larceny from auto","Inside",NA,NA,"None reported","None reported",NA,"400 S BOULDIN ST","Southeast","Highlandtown",39.287123,-76.570918,"Other/residential","10:00","p.m."
"834","6/14/2026","Larceny from auto","Outside",NA,"Female","75","Black or African American","Not Hispanic or Latino","1900 WOODBOURNE AVE","Northeast","Loch Raven",39.355446,-76.580531,"Street","3:00","p.m."
"835","6/14/2026","Larceny of motor vehicle parts or accessories","Outside",NA,"Female","33","White","Unknown","700 S KENWOOD AVE","Southeast","Canton",39.28413,-76.577163,"Street","10:00","p.m."
"836","6/15/2026","Larceny from auto","Inside",NA,"Female","27","White","Not Hispanic or Latino","700 S ROBINSON ST","Southeast","Canton",39.283994,-76.572219,"Other/residential","1:30","a.m."
"837","6/14/2026","Shoplifting","Inside",NA,NA,"None reported","None reported",NA,"200 N HIGHLAND AVE","Southeast","Ellwood Park/Monument",39.295326,-76.569982,"Convenience store","3:03","p.m."
"838","6/14/2026","Larceny from auto","Outside",NA,"Male","42","Black or African American","Not Hispanic or Latino","4000 EDGEWOOD RD","Northwest","East Arlington",39.333403,-76.66753,"Street","6:00","p.m."
"839","6/8/2026","Larceny from auto","Outside",NA,"Male","30","White","Not Hispanic or Latino","200 GRUNDY ST","Southeast","Highlandtown",39.290174,-76.563347,"Street","3:00","a.m."
"840","6/7/2026","Shoplifting","Inside",NA,NA,"None reported","None reported",NA,"3600 POTEE ST","Southern","Brooklyn",39.237839,-76.610903,"Convenience store","10:57","p.m."
"841","6/22/2026","Larceny from auto","Outside",NA,"Female","40","White","Not Hispanic or Latino","1300 N MONROE ST","Western","Sandtown-Winchester",39.303296,-76.647598,"Street","3:00","p.m."
"842","6/9/2026","Larceny from auto","Inside",NA,"Male","44","Black or African American","Unknown","600 GEORGE ST","Central","Seton Hill",39.29542,-76.625302,"Other/residential","5:30","a.m."
"843","6/8/2026","Shoplifting","Inside",NA,NA,"None reported","None reported",NA,"1000 W 41ST ST","Northern","Hoes Heights",39.3382,-76.63457,"Convenience store","12:18","a.m."
"844","6/7/2026","Shoplifting","Inside",NA,NA,"None reported","None reported",NA,"2200 E MONUMENT ST","Southeast","Care",39.298529,-76.58611,"Wholesaler/store","2:30","p.m."
"845","6/7/2026","Shoplifting","Inside",NA,NA,"None reported","None reported",NA,"2200 E MONUMENT ST","Southeast","Care",39.298529,-76.58611,"Specialty store","1:50","p.m."
"846","6/7/2026","Larceny from auto","Outside",NA,"Female","24","Black or African American","Not Hispanic or Latino","700 DOLPHIN ST","Western","Upton",39.298149,-76.631759,"Street","8:00","p.m."
"847","6/7/2026","Larceny from auto","Outside",NA,NA,"None reported","None reported",NA,"4000 PASCAL AVE","Southern","Curtis Bay",39.228927,-76.591307,"Street","8:58","a.m."
"848","6/9/2026","Larceny from auto","Outside",NA,"Male","59","Black or African American","Not Hispanic or Latino","4100 ETHLAND AVE","Northwest","Forest Park Golf Course",39.323979,-76.690734,"Street","7:16","p.m."
"849","6/10/2026","Larceny from auto","Inside",NA,"Female","38","Black or African American","Unknown","3600 E LOMBARD ST","Southeast","Baltimore Highlands",39.291558,-76.566917,"Other/residential","12:30","a.m."
"850","6/9/2026","Larceny","Inside",NA,"Female","20","White","Not Hispanic or Latino","100 W MONTGOMERY ST","Southern","Otterbein",39.280129,-76.617329,"Other/residential","11:00","p.m."
"851","6/9/2026","Larceny from auto","Outside",NA,"Male","68","Black or African American","Unknown","2300 W LANVALE ST","Western","Evergreen Lawn",39.296875,-76.654343,"Street","9:00","p.m."
"852","6/8/2026","Larceny","Inside",NA,"Male","None reported","Black or African American","Unknown","30 E CROSS ST","Southern","Federal Hill",39.277055,-76.613173,"Tavern/night club","5:00","a.m."
"853","6/22/2026","Shoplifting","Inside",NA,NA,"None reported","None reported",NA,"4600 LIBERTY HEIGHTS AVE","Northwest","Howard Park",39.330128,-76.695675,"Grocery/confection","10:00","p.m."
"854","6/8/2026","Larceny","Outside","Personal weapons","Male","29","None reported","Unknown","300 W BALTIMORE ST","Central","Downtown",39.289497,-76.619648,"Street","5:00","p.m."
"855","6/8/2026","Larceny","Inside",NA,"Female","50","Black or African American","Unknown","800 MCHENRY ST","Southern","Washington Village/Pigtown",39.28467,-76.630943,"Other/residential","4:44","p.m."
"856","6/8/2026","Shoplifting","Inside",NA,NA,"None reported","None reported",NA,"4000 W NORTHERN PKWY","Northwest","Woodmere",39.348955,-76.691027,"Convenience store","12:35","p.m."
"857","6/22/2026","Shoplifting","Inside",NA,NA,"None reported","None reported",NA,"3900 BOSTON ST","Southeast","Canton Industrial Area",39.2759,-76.564047,"Specialty store","9:43","p.m."
"858","6/23/2026","Larceny from auto","Inside",NA,"Male","53","White","Unknown","7300 PARK HEIGHTS AVE","Northwest","Cross Country",39.370846,-76.708821,"Other/residential","1:00","a.m."
"859","6/22/2026","Larceny","Outside",NA,"Male","20","White","Hispanic or Latino","4200 E LOMBARD ST","Southeast","Kresson",39.291511,-76.561187,"Street","4:00","p.m."
"860","6/22/2026","Larceny from auto","Outside",NA,NA,"None reported","None reported",NA,"800 E 33RD ST","Northern","Waverly",39.328669,-76.603758,"Street","11:00","p.m."
"861","6/22/2026","Larceny","Inside",NA,"Female","52","Black or African American","Not Hispanic or Latino","2800 JOSEPH AVE","Southern","Cherry Hill",39.251091,-76.625433,"Other/residential","2:00","p.m."
"862","6/5/2026","Larceny of motor vehicle parts or accessories","Outside",NA,NA,"None reported","None reported",NA,"3200 ELLERSLIE AVE","Northern","Better Waverly",39.327952,-76.603418,"Construction site","4:00","a.m."
"863","6/5/2026","Larceny","Inside",NA,"Female","35","Black or African American","Unknown","1300 GUILFORD AVE","Central","Mid-Town Belvedere",39.305166,-76.612253,"Other/residential","8:30","p.m."
"864","6/7/2026","Shoplifting","Inside",NA,NA,"None reported","None reported",NA,"3800 S HANOVER ST","Southern","Brooklyn",39.236496,-76.610798,"Convenience store","1:15","a.m."
"865","6/6/2026","Larceny","Inside",NA,"Female","51","Black or African American","Not Hispanic or Latino","5400 BOWLEYS LN","Northeast","Frankford",39.319374,-76.552095,"Other/residential","10:02","p.m."
"866","6/9/2026","Larceny","Inside",NA,NA,"None reported","None reported",NA,"600 W 33RD ST","Northern","Wyman Park",39.327397,-76.627499,"Convenience store","2:37","a.m."
"867","6/9/2026","Shoplifting","Inside",NA,NA,"None reported","None reported",NA,"3700 FLEET ST","Southeast","Brewers Hill",39.285292,-76.565738,"Convenience store","3:00","a.m."
"868","6/8/2026","Shoplifting","Inside",NA,NA,"None reported","None reported",NA,"600 S EXETER ST","Central","Harbor East",39.283869,-76.600476,"Convenience store","5:06","p.m."
"869","6/22/2026","Shoplifting","Inside",NA,NA,"None reported","None reported",NA,"900 N WASHINGTON ST","Southeast","Middle East",39.300779,-76.589972,"Wholesaler/store","5:04","p.m."
"870","6/22/2026","Shoplifting","Inside",NA,NA,"None reported","None reported",NA,"2500 LIBERTY HEIGHTS AVE","Northern","Liberty Square",39.319742,-76.655646,"Convenience store","9:25","a.m."
"871","6/23/2026","Larceny","Inside",NA,"Male","33","Black or African American","Unknown","1 E REDWOOD ST","Central","Downtown",39.288645,-76.614716,"Hotel/motel","12:30","a.m."
"872","6/22/2026","Larceny from auto","Outside",NA,"Male","69","White","Not Hispanic or Latino","2200 BANK ST","Central","Upper Fells Point",39.287067,-76.585777,"Street","4:00","p.m."
"873","6/5/2026","Larceny from auto","Outside",NA,NA,"None reported","None reported",NA,"700 E PRATT ST","Central","Inner Harbor",39.286626,-76.605071,"Shed/garage","9:59","p.m."
"874","6/5/2026","Larceny","Inside","Personal weapons","Female","28","Black or African American","Not Hispanic or Latino","2400 LOYOLA NORTHWAY","Northern","Greenspring",39.339569,-76.658967,"Other/residential","8:00","p.m."
"875","6/5/2026","Larceny","Inside",NA,"Female","38","Black or African American","Not Hispanic or Latino","500 AISQUITH ST","Central","Oldtown",39.296772,-76.601731,"Other/residential","7:03","p.m."
"876","6/6/2026","Larceny from auto","Inside",NA,"Female","43","None reported","Unknown","3400 DENNLYN RD","Northwest","Hanlon-Longwood",39.323779,-76.66799,"Other/residential","2:00","a.m."
"877","6/6/2026","Larceny","Inside",NA,"Female","44","Black or African American","Not Hispanic or Latino","3300 AVONDALE AVE","Northwest","Pimlico Good Neighbors",39.352042,-76.678994,"Other/residential","9:00","a.m."
"878","6/7/2026","Larceny from auto","Outside",NA,"Male","23","White","Unknown","1 E LEXINGTON ST","Central","Downtown",39.290967,-76.615099,"Street","2:00","a.m."
"879","6/6/2026","Larceny","Inside",NA,"Female","58","Black or African American","Unknown","500 DOLPHIN ST","Western","Upton",39.300687,-76.6273,"Other/residential","2:06","p.m."
"880","6/6/2026","Larceny","Inside",NA,"Female","33","White","Not Hispanic or Latino","500 S PACA ST","Southern","Ridgely's Delight",39.28354,-76.623719,"Other/residential","10:07","p.m."
"881","6/6/2026","Shoplifting","Inside",NA,NA,"None reported","None reported",NA,"3500 BOSTON ST","Southeast","Canton Industrial Area",39.274838,-76.56655,"Wholesaler/store","3:54","p.m."
"882","6/6/2026","Larceny","Outside",NA,"Female","40","White","Not Hispanic or Latino","700 BONAPARTE AVE","Eastern","East Baltimore Midway",39.31825,-76.60445,"Street","5:00","p.m."
"883","6/3/2026","Shoplifting","Inside",NA,NA,"None reported","None reported",NA,"100 S CONKLING ST","Southeast","Baltimore Highlands",39.290809,-76.567574,"Convenience store","6:00","p.m."
"884","6/22/2026","Larceny from auto","Outside",NA,"Female","22","White","Unknown","1700 GOUGH ST","Central","Fells Point",39.287682,-76.593439,"Street","10:30","p.m."
"885","6/17/2026","Larceny","Inside",NA,"Female","37","Black or African American","Not Hispanic or Latino","40 S STOCKTON ST","Southwest","Hollins Market",39.287039,-76.637424,"Other/residential","11:00","p.m."
"886","6/17/2026","Shoplifting","Inside",NA,"Male","26","Asian","Not Hispanic or Latino","1200 E EAGER ST","Central","Oldtown",39.301771,-76.600491,"Convenience store","8:05","a.m."
"887","6/5/2026","Larceny from auto","Outside",NA,"Male","25","White","Unknown","1600 DUNDALK AVE","Southeast","Graceland Park",39.275782,-76.532132,"Street","11:00","p.m."
"888","6/5/2026","Larceny of motor vehicle parts or accessories","Inside",NA,"Male","77","Black or African American","Not Hispanic or Latino","300 PONTIAC AVE","Southern","Brooklyn",39.23669,-76.606567,"School","12:00","p.m."
"889","6/6/2026","Shoplifting","Inside",NA,NA,"None reported","None reported",NA,"50 MARKET PL","Central","Downtown",39.288213,-76.606474,"Convenience store","2:20","a.m."
"890","6/6/2026","Larceny","Inside",NA,"Male","42","Unknown","Hispanic or Latino","1800 POPLAR GROVE ST","Northwest","Northwest Community Action",39.308513,-76.665521,"Other/residential","7:34","p.m."
"891","6/2/2026","Larceny from auto","Outside",NA,"Female","26","Black or African American","Not Hispanic or Latino","500 BAYVIEW BLVD","Southeast","Greektown",39.286552,-76.548756,"Shed/garage","4:15","a.m."
"892","6/7/2026","Larceny from auto","Outside",NA,"Male","46","Black or African American","Not Hispanic or Latino","1600 E FORT AVE","Southern","Locust Point",39.268206,-76.591679,"Street","11:15","p.m."
"893","6/7/2026","Shoplifting","Inside",NA,NA,"None reported","None reported",NA,"2200 E MONUMENT ST","Southeast","Care",39.298529,-76.58611,"Wholesaler/store","6:47","p.m."
"894","6/7/2026","Larceny","Inside",NA,"Male","51","None reported","Hispanic or Latino","2100 W PATAPSCO AVE","Southern","Lakeland",39.250113,-76.646365,"Grocery/confection","1:30","p.m."
"895","6/7/2026","Shoplifting","Inside",NA,NA,"None reported","None reported",NA,"4100 PULASKI HWY","Southeast","Kresson",39.296926,-76.562615,"Convenience store","2:00","p.m."
"896","6/17/2026","Larceny","Inside",NA,"Female","33","White","Unknown","2300 WINDSOR AVE","Western","Mondawmin",39.312141,-76.655526,"Other/residential","11:00","p.m."
"897","6/17/2026","Larceny from auto","Inside",NA,"Male","48","Black or African American","Not Hispanic or Latino","2700 ALLENDALE RD","Northwest","Garwyn Oaks",39.318275,-76.68023,"Other/residential","11:30","a.m."
"898","6/5/2026","Larceny from auto","Outside",NA,"Male","43","None reported","Hispanic or Latino","1300 HAZEL ST","Southern","Curtis Bay",39.225865,-76.591979,"Street","12:00","p.m."
"899","6/5/2026","Shoplifting","Inside",NA,NA,"None reported","None reported",NA,"3500 BOSTON ST","Southeast","Canton Industrial Area",39.274838,-76.56655,"Wholesaler/store","7:30","p.m."
"900","6/5/2026","Shoplifting","Inside",NA,NA,"None reported","None reported",NA,"5000 YORK RD","Northern","Winston-Govans",39.34981,-76.609412,"Wholesaler/store","9:45","p.m."
"901","6/7/2026","Shoplifting","Inside",NA,NA,"None reported","None reported",NA,"2400 FREDERICK AVE","Southwest","Millhill",39.282588,-76.653448,"Wholesaler/store","7:45","p.m."
"902","6/7/2026","Larceny of motor vehicle parts or accessories","Outside",NA,"Male","28","Black or African American","Unknown","4000 GELSTON DR","Southwest","Edmondson Village",39.295787,-76.682876,"Street","10:00","p.m."
"903","6/18/2026","Larceny","Inside",NA,"Female","28","Black or African American","Not Hispanic or Latino","1200 W LAFAYETTE AVE","Western","Sandtown-Winchester",39.299332,-76.637697,"Other/residential","2:50","a.m."
"904","6/17/2026","Larceny from auto","Outside",NA,"Male","38","Black or African American","Not Hispanic or Latino","800 W PRATT ST","Southern","Washington Village/Pigtown",39.285574,-76.630228,"Street","7:00","p.m."
"905","6/17/2026","Larceny from auto","Outside",NA,"Female","30","White","Not Hispanic or Latino","400 N MILTON AVE","Southeast","Mcelderry Park",39.295728,-76.582289,"Shed/garage","1:30","a.m."
"906","6/4/2026","Shoplifting","Inside",NA,NA,"None reported","None reported",NA,"3700 FLEET ST","Southeast","Brewers Hill",39.285292,-76.565738,"Convenience store","4:20","a.m."
"907","6/4/2026","Larceny","Inside",NA,"Male","56","Black or African American","Unknown","3200 THE ALAMEDA","Eastern","Coldstream Homestead Montebello",39.327202,-76.594216,"Other/residential","7:00","p.m."
"908","6/4/2026","Larceny from auto","Inside",NA,"Female","30","None reported","Hispanic or Latino","1100 BONSAL ST","Southeast","Medford",39.280622,-76.544981,"Other/residential","9:00","p.m."
"909","6/4/2026","Shoplifting","Inside",NA,NA,"None reported","None reported",NA,"2600 BOSTON ST","Southeast","Canton",39.280307,-76.579578,"Grocery/confection","9:38","p.m."
"910","6/4/2026","Shoplifting","Inside",NA,NA,"None reported","None reported",NA,"4100 PULASKI HWY","Southeast","Kresson",39.296926,-76.562615,"Convenience store","3:20","p.m."
"911","6/7/2026","Larceny","Inside",NA,NA,"None reported","None reported",NA,"800 GUILFORD AVE","Central","Mount Vernon",39.298894,-76.612177,"Convenience store","12:00","p.m."
"912","6/6/2026","Shoplifting","Inside",NA,NA,"None reported","None reported",NA,"900 N WASHINGTON ST","Southeast","Middle East",39.300779,-76.589972,"Drug store / med  bldg","12:15","p.m."
"913","6/6/2026","Shoplifting","Inside",NA,NA,"None reported","None reported",NA,"5800 YORK RD","Northern","Belvedere",39.360714,-76.609467,"Wholesaler/store","1:35","p.m."
"914","6/6/2026","Larceny from auto","Inside","Personal weapons","Male","61","Black or African American","Not Hispanic or Latino","4200 MORTIMER AVE","Northwest","Reisterstown Station",39.347933,-76.693801,"Specialty store","8:55","p.m."
"915","6/14/2026","Larceny","Outside",NA,"Female","31","Black or African American","Not Hispanic or Latino",NA,"Central","Downtown",39.291468,-76.615548,"Street","1:35","p.m."
"916","6/15/2026","Larceny","Outside",NA,"Female","None reported","Black or African American","Not Hispanic or Latino","100 S MOUNT ST","Southwest","Union Square",39.285793,-76.64382,"Street","3:33","a.m."
"917","6/14/2026","Shoplifting","Inside",NA,NA,"None reported","None reported",NA,"30 S PACA ST","Central","University Of Maryland",39.287741,-76.622407,"Grocery/confection","7:00","a.m."
"918","6/5/2026","Larceny","Inside",NA,"Female","73","Black or African American","Not Hispanic or Latino","3400 DEVONSHIRE DR","Northwest","Glen",39.357306,-76.686854,"Other/residential","1:00","a.m."
"919","6/6/2026","Shoplifting","Inside",NA,NA,"None reported","None reported",NA,"400 E PRATT ST","Central","Inner Harbor",39.287036,-76.609326,"Drug store / med  bldg","1:50","p.m."
"920","6/6/2026","Larceny from auto","Outside",NA,"Male","41","Black or African American","Unknown","2300 OCALA AVE","Northern","Liberty Square",39.320273,-76.656345,"Street","8:00","p.m."
"921","6/13/2026","Larceny","Inside",NA,"Female","14","Black or African American","Not Hispanic or Latino","2200 WESTWOOD AVE","Western","Coppin Heights/Ash-Co-East",39.308768,-76.653256,"Other/residential","5:17","p.m."
"922","6/3/2026","Larceny","Inside",NA,"Male","39","Black or African American","Not Hispanic or Latino","2700 MILES AVE","Northern","Remington",39.319762,-76.623062,"Other/residential","4:05","p.m."
"923","6/3/2026","Larceny","Inside",NA,"Male","35","White","Unknown","1200 S CHARLES ST","Southern","Federal Hill",39.275462,-76.614461,"Other/residential","8:24","p.m."
"924","6/3/2026","Larceny from auto","Outside",NA,"Female","27","White","Not Hispanic or Latino","100 S ELLWOOD AVE","Southeast","Patterson Park Neighborhood",39.29103,-76.573052,"Street","8:00","p.m."
"925","6/7/2026","Larceny from auto","Outside",NA,"Female","45","Black or African American","Unknown","1300 GREENMOUNT AVE","Central","Johnston Square",39.305573,-76.60802,"Shed/garage","3:00","a.m."
"926","6/6/2026","Larceny from auto","Inside",NA,NA,"None reported","None reported",NA,"4800 SETON DR","Northwest","Seton Business Park",39.342522,-76.707911,"Office building","7:26","a.m."
"927","6/3/2026","Larceny of motor vehicle parts or accessories","Outside",NA,"Male","28","Black or African American","Not Hispanic or Latino","1600 MORELAND AVE","Western","Coppin Heights/Ash-Co-East",39.306427,-76.655952,"Street","1:00","p.m."
"928","6/13/2026","Larceny from auto","Outside",NA,"Female","26","Black or African American","Not Hispanic or Latino","5800 KEY AVE","Northwest","Mount Washington",39.358711,-76.678984,"Street","6:00","a.m."
"929","6/13/2026","Larceny","Inside",NA,"Female","11","Black or African American","Not Hispanic or Latino","1800 N MONROE ST","Western","Easterwood",39.309078,-76.648302,"Other/residential","9:30","p.m."
"930","6/13/2026","Larceny","Inside","Personal weapons","Female","36","Black or African American","Not Hispanic or Latino","2800 OSWEGO AVE","Northern","Towanda-Grantley",39.334436,-76.665736,"Other/residential","11:30","a.m."
"931","6/3/2026","Shoplifting","Inside",NA,NA,"None reported","None reported",NA,"4100 PULASKI HWY","Southeast","Kresson",39.296926,-76.562615,"Convenience store","3:51","p.m."
"932","6/3/2026","Shoplifting","Inside",NA,NA,"None reported","None reported",NA,"3900 BOSTON ST","Southeast","Canton Industrial Area",39.275908,-76.563829,"Wholesaler/store","4:00","p.m."
"933","6/3/2026","Larceny","Inside",NA,"Female","19","Black or African American","Not Hispanic or Latino","2400 ROUND RD","Southern","Cherry Hill",39.251517,-76.627911,"School","4:42","p.m."
"934","6/3/2026","Shoplifting","Inside",NA,NA,"None reported","None reported",NA,"3500 BOSTON ST","Southeast","Canton Industrial Area",39.274838,-76.56655,"Wholesaler/store","5:56","p.m."
"935","6/5/2026","Larceny from auto","Outside",NA,"Male","30","Black or African American","Unknown","3000 FRISBY ST","Northern","Better Waverly",39.324682,-76.608048,"Street","8:08","p.m."
"936","6/5/2026","Larceny","Outside",NA,"Male","65","Black or African American","Not Hispanic or Latino","1000 N BENTALOU ST","Western","Bridgeview/Greenlawn",39.299716,-76.653694,"Street","4:21","p.m."
"937","6/3/2026","Larceny from auto","Inside",NA,"Male","33","Black or African American","Unknown","300 W MONUMENT ST","Central","Mount Vernon",39.297189,-76.620653,"Other/residential","4:00","a.m."
"938","6/3/2026","Larceny","Inside",NA,"Female","29","Black or African American","Unknown","1800 HOLLINS ST","Southwest","Franklin Square",39.287523,-76.645655,"Day care","1:40","p.m."
"939","6/3/2026","Larceny from auto","Outside",NA,"Female","42","White","Not Hispanic or Latino","3500 FAIT AVE","Southeast","Canton",39.283691,-76.567513,"Street","5:20","a.m."
"940","6/3/2026","Larceny","Inside",NA,"Male","80","Black or African American","Not Hispanic or Latino","1800 SPENCE ST","Southern","Morrell Park",39.268579,-76.651173,"Other/residential","7:00","p.m."
"941","6/5/2026","Larceny","Inside",NA,"Female","29","Black or African American","Not Hispanic or Latino","20 N CAREY ST","Southwest","Franklin Square",39.289247,-76.638383,"Other/residential","6:39","p.m."
"942","6/5/2026","Larceny from auto","Outside",NA,"Male","26","Black or African American","Not Hispanic or Latino","4900 CLIFTON AVE","Northwest","Franklintown",39.306772,-76.706054,"Street","4:00","a.m."
"943","6/5/2026","Larceny","Inside",NA,"Female","55","Black or African American","Unknown","10 W FRANKLIN ST","Central","Downtown",39.294905,-76.616437,"Public housing","6:15","p.m."
"944","6/6/2026","Larceny from auto","Outside",NA,"Female","26","White","Not Hispanic or Latino","500 S ELLWOOD AVE","Southeast","Canton",39.286043,-76.573092,"Street","1:00","a.m."
"945","6/5/2026","Larceny","Inside",NA,"Female","37","White","Not Hispanic or Latino","2200 GOUGH ST","Central","Upper Fells Point",39.287799,-76.585754,"Other/residential","4:00","a.m."
"946","6/5/2026","Larceny from auto","Inside",NA,NA,"None reported","None reported",NA,"2100 ANNAPOLIS RD","Southern","Westport",39.265454,-76.632223,"Office building","8:00","p.m."
"947","6/2/2026","Larceny from auto","Outside",NA,"Male","36","Black or African American","Unknown","800 N BELNORD AVE","Southeast","Madison-Eastend",39.300622,-76.579011,"Street","4:00","a.m."
"948","6/2/2026","Larceny","Inside",NA,"Female","55","Black or African American","Not Hispanic or Latino","800 LINDEN AVE","Central","Mount Vernon",39.29931,-76.6206,"Drug store / med  bldg","7:00","p.m."
"949","6/2/2026","Larceny from auto","Outside",NA,"Female","25","White","Not Hispanic or Latino","2000 E PRATT ST","Central","Upper Fells Point",39.289303,-76.588531,"Street","11:30","p.m."
"950","6/2/2026","Larceny","Inside",NA,"Male","93","White","Unknown","3700 N CHARLES ST","Northern","Tuscany-Canterbury",39.334567,-76.618445,"Other/residential","3:00","p.m."
"951","6/2/2026","Shoplifting","Inside",NA,NA,"None reported","None reported",NA,"6500 REISTERSTOWN RD","Northwest","Reisterstown Station",39.35655,-76.705596,"Wholesaler/store","4:10","p.m."
"952","6/5/2026","Larceny of motor vehicle parts or accessories","Outside",NA,"Male","27","Asian","Unknown","900 ST PAUL STREET","Central","Mount Vernon",39.299972,-76.61404,"Street","4:00","p.m."
"953","6/5/2026","Shoplifting","Inside",NA,NA,"None reported","None reported",NA,"1500 RUSSELL ST","Southern","Carroll - Camden Industrial Area",39.27416,-76.628276,"Convenience store","7:48","a.m."
"954","6/5/2026","Shoplifting","Inside",NA,NA,"None reported","None reported",NA,"6300 EASTERN AVE","Southeast","Pulaski Industrial Area",39.286307,-76.538935,"Wholesaler/store","12:00","p.m."
"955","6/5/2026","Larceny from auto","Inside",NA,"Male","45","Black or African American","Unknown","600 WASHINGTON BLVD","Southern","Ridgely's Delight",39.283941,-76.625535,"Other/residential","4:40","a.m."
"956","6/6/2026","Larceny from auto","Outside",NA,"Female","36","Black or African American","Not Hispanic or Latino","2500 KEYWORTH AVE","Northern","Greenspring",39.334139,-76.659841,"Street","2:00","a.m."
"957","6/3/2026","Larceny from auto","Outside",NA,NA,"None reported","None reported",NA,"1400 BAYARD ST","Southern","Washington Village/Pigtown",39.277843,-76.634554,"Street","3:50","a.m."
"958","6/2/2026","Larceny from auto","Outside",NA,"Male","75","Black or African American","Unknown","100 N EDGEWOOD ST","Southwest","Allendale",39.289173,-76.677695,"Street","12:00","p.m."
"959","6/2/2026","Shoplifting","Inside",NA,NA,"None reported","None reported",NA,"900 N WASHINGTON ST","Southeast","Middle East",39.300779,-76.589972,"Drug store / med  bldg","2:20","p.m."
"960","6/2/2026","Shoplifting","Inside",NA,NA,"None reported","None reported",NA,"5600 THE ALAMEDA","Northeast","Glen Oaks",39.359047,-76.595696,"Wholesaler/store","2:33","p.m."
"961","6/2/2026","Larceny","Inside",NA,"Male","40","None reported","Unknown","600 MURPHY LN","Western","Heritage Crossing",39.296065,-76.62781,"Other/residential","9:15","p.m."
"962","6/2/2026","Larceny from auto","Outside",NA,"Male","22","Black or African American","Unknown","500 BAYVIEW BLVD","Southeast","Greektown",39.286552,-76.548756,"Shed/garage","4:00","a.m."
"963","6/5/2026","Larceny","Inside",NA,"Male","62","Black or African American","Not Hispanic or Latino","2100 HARFORD RD","Eastern","Darley Park",39.314943,-76.596917,"Other/residential","7:00","p.m."
"964","6/5/2026","Larceny from auto","Outside",NA,"Male","48","Black or African American","Not Hispanic or Latino","100 E MT ROYAL AVENUE","Central","Mid-Town Belvedere",39.305351,-76.613883,"Street","4:30","a.m."
"965","6/5/2026","Larceny from auto","Inside",NA,NA,"None reported","None reported",NA,"1400 EUTAW PL","Western","Madison Park",39.30475,-76.627593,"Other/residential","11:00","p.m."
"966","6/6/2026","Larceny from auto","Outside",NA,"Female","47","Black or African American","Not Hispanic or Latino","600 BRIDGEVIEW RD","Southern","Cherry Hill",39.249136,-76.622166,"Shed/garage","12:00","a.m."
"967","6/5/2026","Larceny","Outside",NA,NA,"None reported","None reported",NA,"2900 WATERVIEW AVE","Southern","Westport",39.258657,-76.633668,"Construction site","7:00","p.m."
"968","6/6/2026","Larceny","Inside",NA,"Male","59","White","Not Hispanic or Latino","4100 MARY AVE","Northeast","Hamilton",39.3447,-76.543047,"Other/residential","1:00","a.m."
"969","6/5/2026","Larceny from auto","Inside",NA,"Female","59","Black or African American","Unknown","3800 SEQUOIA AVE","Northwest","Callaway-Garrison",39.332442,-76.68179,"Other/residential","8:00","p.m."
"970","6/20/2026","Larceny from auto","Outside",NA,"Male","41","Black or African American","Not Hispanic or Latino","1200 E PATAPSCO AVE","Southern","Curtis Bay",39.232956,-76.592793,"Street","4:01","a.m."
"971","6/21/2026","Larceny from auto","Outside",NA,"Female","72","Black or African American","Unknown","5800 LEITH WALK","Northeast","Ramblewood",39.362355,-76.590714,"Street","3:57","a.m."
"972","6/20/2026","Larceny","Inside",NA,"Female","27","Black or African American","Unknown","100 S BROADWAY","Central","Washington Hill",39.290071,-76.594054,"Convenience store","6:00","a.m."
"973","6/20/2026","Larceny from auto","Inside",NA,"Male","35","White","Unknown","1300 SCHEELER AVE","Southeast","Pulaski Industrial Area",39.308601,-76.533815,"Other/residential","4:00","a.m."
"974","6/2/2026","Shoplifting","Inside",NA,NA,"None reported","None reported",NA,"20 LIGHT ST","Central","Downtown",39.288355,-76.613894,"Convenience store","10:11","p.m."
"975","6/2/2026","Larceny","Inside",NA,"Male","49","Black or African American","Not Hispanic or Latino","200 N WASHINGTON ST","Southeast","Care",39.294627,-76.588929,"Public building","11:00","p.m."
"976","6/2/2026","Larceny","Outside",NA,"Female","54","Black or African American","Not Hispanic or Latino","1800 MADISON AVE","Western","Madison Park",39.307247,-76.631825,"Street","10:34","p.m."
"977","6/3/2026","Larceny","Inside","Personal weapons","Female","32","Black or African American","Not Hispanic or Latino","2400 LINDEN AVE","Western","Reservoir Hill",39.31399,-76.636033,"Other/residential","5:00","a.m."
"978","6/3/2026","Shoplifting","Inside",NA,NA,"None reported","None reported",NA,"5800 EASTERN AVE","Southeast","Pulaski Industrial Area",39.287136,-76.546053,"Convenience store","1:40","p.m."
"979","6/3/2026","Larceny from auto","Outside",NA,"Male","38","White","Not Hispanic or Latino","3000 DILLON ST","Southeast","Canton",39.28143,-76.573468,"Street","2:00","p.m."
"980","6/3/2026","Shoplifting","Inside",NA,NA,"None reported","None reported",NA,"900 N WASHINGTON ST","Southeast","Middle East",39.300779,-76.589972,"Drug store / med  bldg","2:28","p.m."
"981","6/3/2026","Larceny of motor vehicle parts or accessories","Outside",NA,"Female","72","White","Hispanic or Latino","4000 6TH ST","Southern","Brooklyn",39.23217,-76.603675,"Street","12:00","p.m."
"982","6/4/2026","Larceny","Inside",NA,"Female","74","Black or African American","Unknown","900 HARLEM AVE","Western","Harlem Park",39.296955,-76.634728,"Other/residential","9:00","p.m."
"983","6/20/2026","Larceny from auto","Inside",NA,"Female","69","White","Unknown","1300 SCHEELER AVE","Southeast","Pulaski Industrial Area",39.308601,-76.533815,"Other/residential","4:00","a.m."
"984","6/19/2026","Shoplifting","Inside",NA,NA,"None reported","None reported",NA,"3500 BOSTON ST","Southeast","Canton Industrial Area",39.274838,-76.56655,"Wholesaler/store","2:50","p.m."
"985","6/19/2026","Shoplifting","Inside",NA,NA,"None reported","None reported",NA,"600 E 33RD ST","Northern","Better Waverly",39.328159,-76.60798,"Grocery/confection","9:30","p.m."
"986","6/2/2026","Larceny of motor vehicle parts or accessories","Inside",NA,"Female","35","Black or African American","Unknown","3200 EVERGREEN AVE","Northeast","Hamilton",39.351052,-76.556298,"Other/residential","12:00","a.m."
"987","6/4/2026","Larceny","Inside",NA,"Male","36","White","Not Hispanic or Latino","200 E CROSS ST","Southern","Federal Hill",39.27738,-76.609995,"Other/residential","6:47","p.m."
"988","6/4/2026","Larceny","Inside",NA,"Male","40","White","Not Hispanic or Latino","1200 RIVERSIDE AVE","Southern","Riverside",39.276183,-76.609004,"Other/residential","6:06","p.m."
"989","6/4/2026","Larceny from auto","Inside",NA,"Female","36","Black or African American","Hispanic or Latino","6800 WESTERN RUN DR","Northwest","Cross Country",39.365621,-76.699805,"Other/residential","11:00","a.m."
"990","6/2/2026","Larceny from auto","Inside",NA,"Female","44","Black or African American","Not Hispanic or Latino","700 LENNOX ST","Western","Reservoir Hill",39.311587,-76.629388,"Other/residential","5:48","a.m."
"991","6/2/2026","Shoplifting","Inside",NA,NA,"None reported","None reported",NA,"2000 FLEET ST","Central","Fells Point",39.28511,-76.587453,"Convenience store","3:54","p.m."
"992","6/19/2026","Larceny","Inside",NA,NA,"None reported","None reported",NA,"900 N WASHINGTON ST","Southeast","Middle East",39.300779,-76.589972,"Drug store / med  bldg","3:55","p.m."
"993","6/19/2026","Shoplifting","Inside",NA,NA,"None reported","None reported",NA,"200 N EUTAW ST","Central","Downtown",39.292626,-76.621329,"Convenience store","3:25","p.m."
"994","6/17/2026","Larceny","Inside","Personal weapons","Female","40","Black or African American","Not Hispanic or Latino","900 N FRANKLINTOWN RD","Western","Franklintown Road",39.298162,-76.667093,"Other/residential","12:45","a.m."
"995","6/16/2026","Larceny from auto","Outside",NA,"Male","32","White","Not Hispanic or Latino","1000 S HAVEN ST","Southeast","Brewers Hill",39.281037,-76.561738,"Shed/garage","10:30","p.m."
"996","6/16/2026","Larceny from auto","Outside",NA,"Male","28","White","Not Hispanic or Latino","1000 S HAVEN ST","Southeast","Brewers Hill",39.281037,-76.561738,"Shed/garage","10:30","p.m."
"997","6/4/2026","Shoplifting","Inside",NA,NA,"None reported","None reported",NA,"200 MCMECHEN ST","Western","Bolton Hill",39.307649,-76.62827,"Other/residential","3:21","p.m."
"998","6/4/2026","Larceny from auto","Outside",NA,NA,"None reported","None reported",NA,"2200 N FULTON AVE","Western","Auchentoroly-Parkwood",39.313445,-76.646295,"Street","4:30","p.m."
"999","6/4/2026","Larceny from auto","Outside",NA,"Female","35","Black or African American","Unknown","1900 SWANSEA RD","Northeast","Loch Raven",39.355396,-76.579407,"Street","7:00","p.m."
"1000","6/4/2026","Larceny","Inside",NA,"Male","31","Black or African American","Not Hispanic or Latino","4200 MORTIMER AVE","Northwest","Reisterstown Station",39.347697,-76.693757,"Restaurant","12:00","p.m."
"1001","6/16/2026","Larceny from auto","Inside",NA,"Female","38","Black or African American","Unknown","1800 W BALTIMORE ST","Southwest","Franklin Square",39.288027,-76.645349,"Other/residential","2:20","p.m."
"1002","6/16/2026","Shoplifting","Inside",NA,NA,"None reported","None reported",NA,"3800 E LOMBARD ST","Southeast","Baltimore Highlands",39.292131,-76.5646,"Specialty store","12:15","p.m."
"1003","6/16/2026","Larceny","Inside",NA,NA,"None reported","None reported",NA,"3600 CHESTNUT AVE","Northern","Hampden",39.332104,-76.629897,"School","12:15","p.m."
"1004","6/16/2026","Larceny from auto","Outside",NA,"Male","48","Black or African American","Unknown","800 VENABLE AVE","Northern","Waverly",39.329312,-76.604077,"Street","9:30","a.m."
"1005","6/12/2026","Shoplifting","Outside",NA,NA,"None reported","None reported",NA,"2000 N FOREST PARK AVE","Northwest","Franklintown",39.309338,-76.708484,"Gas station","3:22","a.m."
"1006","6/4/2026","Larceny","Inside",NA,"Female","38","Asian","East Asian","1400 RIVERSIDE AVE","Southern","Riverside",39.273428,-76.608312,"Other/residential","10:57","p.m."
"1007","6/4/2026","Larceny from auto","Inside",NA,"Female","41","Black or African American","Not Hispanic or Latino","300 FONTHILL AVE","Southwest","Carroll-South Hilton",39.280301,-76.662973,"Other/residential","4:40","a.m."
"1008","6/4/2026","Shoplifting","Inside",NA,"Male","65","None reported","Unknown","2900 HARFORD RD","Eastern","Coldstream Homestead Montebello",39.323495,-76.587956,"Convenience store","7:30","p.m."
"1009","6/4/2026","Larceny of motor vehicle parts or accessories","Outside",NA,NA,"None reported","None reported",NA,"100 E FAYETTE ST","Central","Downtown",39.290374,-76.61383,"Street","7:00","p.m."
"1010","6/2/2026","Larceny","Outside",NA,"Female","38","Black or African American","Not Hispanic or Latino","3100 W NORTH AVE","Northwest","Walbrook",39.309216,-76.670412,"Street","2:15","a.m."
"1011","6/3/2026","Larceny","Inside",NA,"Male","31","Black or African American","Unknown","6900 REISTERSTOWN RD","Northwest","Fallstaff",39.361511,-76.709814,"Other/residential","3:45","p.m."
"1012","6/3/2026","Larceny","Inside",NA,"Male","31","Black or African American","Unknown","6900 REISTERSTOWN RD","Northwest","Fallstaff",39.361511,-76.709814,"Other/residential","7:44","p.m."
"1013","6/16/2026","Larceny from auto","Outside",NA,"Male","65","Black or African American","Unknown","2400 LIBERTY HEIGHTS AVE","Western","Mondawmin",39.318693,-76.6544,"Shed/garage","6:00","p.m."
"1014","6/14/2026","Larceny from auto","Outside",NA,"Female","55","White","Not Hispanic or Latino","2300 N CHARLES ST","Eastern","Old Goucher",39.315942,-76.617111,"Street","12:00","a.m."
"1015","6/15/2026","Shoplifting","Inside",NA,NA,"None reported","None reported",NA,"600 N EXETER ST","Central","Penn-Fallsway",39.296012,-76.608202,"Drug store / med  bldg","5:30","p.m."
"1016","6/15/2026","Shoplifting","Inside",NA,NA,"None reported","None reported",NA,"3500 BOSTON ST","Southeast","Canton Industrial Area",39.274838,-76.56655,"Wholesaler/store","4:40","p.m."
"1017","6/16/2026","Shoplifting","Inside",NA,NA,"None reported","None reported",NA,"3100 MCELDERRY ST","Southeast","Ellwood Park/Monument",39.297963,-76.572737,"Convenience store","12:15","a.m."
"1018","6/16/2026","Shoplifting","Inside",NA,NA,"None reported","None reported",NA,"20 LIGHT ST","Central","Downtown",39.288355,-76.613894,"Convenience store","12:53","a.m."
"1019","6/15/2026","Larceny from auto","Inside",NA,"Male","38","Black or African American","Not Hispanic or Latino","5800 KEY AVE","Northwest","Glen",39.358335,-76.679295,"Other/residential","11:00","p.m."
"1020","6/15/2026","Larceny from auto","Outside",NA,"Female","26","White","Not Hispanic or Latino","100 W MULBERRY ST","Central","Downtown",39.293909,-76.617494,"Street","11:45","a.m."
"1021","6/15/2026","Shoplifting","Inside",NA,NA,"None reported","None reported",NA,"900 N WASHINGTON ST","Southeast","Middle East",39.300779,-76.589972,"Convenience store","12:30","p.m."
"1022","6/15/2026","Larceny","Inside",NA,"Female","34","White","Not Hispanic or Latino","800 S HIGHLAND AVE","Southeast","Canton",39.283216,-76.568977,"Other/residential","11:00","p.m."
"1023","6/16/2026","Shoplifting","Inside","Personal weapons",NA,"None reported","None reported",NA,"300 W BALTIMORE ST","Central","Downtown",39.289497,-76.619648,"Convenience store","2:00","a.m."
"1024","6/16/2026","Larceny from auto","Outside",NA,"Male","24","White","Not Hispanic or Latino","400 E RANDALL ST","Southern","Riverside",39.271931,-76.608104,"Street","12:30","a.m."
"1025","6/15/2026","Larceny from auto","Inside",NA,"Female","39","Black or African American","Not Hispanic or Latino","5800 KEY AVE","Northwest","Glen",39.358335,-76.679295,"Other/residential","11:00","p.m."
"1026","6/15/2026","Larceny from auto","Inside",NA,"Male","40","Black or African American","Not Hispanic or Latino","5800 KEY AVE","Northwest","Glen",39.358335,-76.679295,"Other/residential","11:00","p.m."
"1027","6/15/2026","Larceny","Inside",NA,"Female","31","Black or African American","Not Hispanic or Latino","2300 N ROSEDALE ST","Northwest","Walbrook",39.313479,-76.66934,"Other/residential","7:15","p.m."
"1028","6/15/2026","Larceny","Inside",NA,"Female","40","White","Unknown","3300 FOSTER AVE","Southeast","Canton",39.284634,-76.569637,"Other/residential","8:00","p.m."
"1029","6/3/2026","Larceny from auto","Outside",NA,"Female","50","Black or African American","Unknown","3500 BRENDAN AVE","Eastern","Belair-Edison",39.31886,-76.567217,"Street","2:00","p.m."
"1030","6/4/2026","Larceny from auto","Outside",NA,"Male","55","Black or African American","Not Hispanic or Latino","5400 PIONEER DR","Northeast","Hamilton Hills",39.356463,-76.572436,"Street","12:45","a.m."
"1031","6/3/2026","Larceny","Inside",NA,"Male","30","Black or African American","Unknown","3 N EAST AVE","Southeast","Patterson Park Neighborhood",39.292761,-76.572203,"Other/residential","7:00","p.m."
"1032","6/4/2026","Larceny from auto","Outside",NA,"Female","33","Black or African American","Unknown","1600 N MONROE ST","Western","Easterwood",39.30671,-76.648194,"Street","3:45","a.m."
"1033","6/15/2026","Larceny of motor vehicle parts or accessories","Outside",NA,"Female","33","White","Unknown","100 W LOMBARD ST","Central","Downtown",39.288738,-76.616284,"Street","9:58","p.m."
"1034","6/15/2026","Larceny of motor vehicle parts or accessories","Outside",NA,"Male","26","Black or African American","Not Hispanic or Latino","5700 EASTERN AVE","Southeast","Hopkins Bayview",39.287653,-76.5475,"Street","9:00","a.m."
"1035","6/15/2026","Larceny","Outside",NA,"Male","42","White","Not Hispanic or Latino","3800 ROLAND AVE","Northern","Hampden",39.334883,-76.633163,"Street","5:01","p.m."
"1036","6/4/2026","Larceny","Inside",NA,"Female","41","Black or African American","Not Hispanic or Latino","500 HARWOOD AVE","Northern","Mid-Govans",39.357404,-76.607965,"Other/residential","2:00","a.m."
"1037","6/4/2026","Larceny from auto","Outside",NA,"Female","51","Black or African American","Not Hispanic or Latino","200 W PRATT ST","Central","Downtown West",39.286818,-76.618677,"Street","3:42","a.m."
"1038","6/2/2026","Shoplifting","Inside",NA,NA,"None reported","None reported",NA,"600 EXETER HALL AVE","Northern","Better Waverly",39.323144,-76.608323,"Convenience store","6:20","p.m."
"1039","6/2/2026","Shoplifting","Inside",NA,NA,"None reported","None reported",NA,"4800 O'DONNELL ST","Southeast","Greektown",39.281125,-76.554967,"Convenience store","11:00","p.m."
"1040","6/2/2026","Shoplifting","Inside",NA,NA,"None reported","None reported",NA,"2600 BOSTON ST","Southeast","Canton",39.280307,-76.579578,"Convenience store","10:25","p.m."
"1041","6/3/2026","Larceny","Outside",NA,"Male","23","Black or African American","Unknown",NA,"Central","Downtown",39.289276,-76.617838,"Stadium","1:09","a.m."
"1042","6/3/2026","Larceny from auto","Inside",NA,"Male","49","None reported","Not Hispanic or Latino","5600 KEY AVE","Northwest","Glen",39.356538,-76.677511,"Other/residential","3:15","a.m."
"1043","6/2/2026","Larceny","Inside",NA,"Female","6","None reported","Unknown","4900 ALHAMBRA AVE","Northern","Winston-Govans",39.347954,-76.605838,"Other/residential","1:00","p.m."
"1044","6/2/2026","Larceny","Inside",NA,NA,"None reported","None reported",NA,"5100 SINCLAIR LN","Northeast","Frankford",39.32458,-76.546289,"Office building","7:00","p.m."
"1045","6/3/2026","Larceny","Inside",NA,"Female","29","None reported","Not Hispanic or Latino","100 S WOLFE ST","Central","Upper Fells Point",39.29002,-76.590165,"Other/residential","12:47","a.m."
"1046","6/2/2026","Larceny","Inside",NA,"Female","31","Black or African American","Not Hispanic or Latino","1500 BOLTON ST","Western","Bolton Hill",39.307443,-76.626301,"Other/residential","1:00","p.m."
"1047","6/2/2026","Shoplifting","Inside","Personal weapons",NA,"None reported","None reported",NA,"3500 BOSTON ST","Southeast","Canton Industrial Area",39.274838,-76.56655,"Wholesaler/store","8:12","p.m."
"1048","6/2/2026","Larceny from auto","Inside",NA,"Female","30","Black or African American","Unknown","1600 BROENING HWY","Southeast","Broening Manor",39.273661,-76.543142,"Other/residential","11:00","p.m."
"1049","6/2/2026","Larceny","Inside",NA,"Male","86","Black or African American","Not Hispanic or Latino","400 E 28TH ST","Northern","Harwood",39.322017,-76.6096,"Drug store / med  bldg","10:00","p.m."
"1050","6/3/2026","Larceny of motor vehicle parts or accessories","Outside",NA,"Male","54","White","Hispanic or Latino","2300 SEAMON AVE","Southern","Cherry Hill",39.253296,-76.625302,"Shed/garage","3:00","a.m."
"1051","6/2/2026","Larceny","Inside",NA,"Male","32","Black or African American","Not Hispanic or Latino","2700 BAKER ST","Western","Northwest Community Action",39.305953,-76.661553,"Other/residential","1:03","a.m."
"1052","6/11/2026","Larceny of motor vehicle parts or accessories","Outside",NA,"Female","28","Black or African American","Not Hispanic or Latino","2300 GARRISON BLVD","Northwest","Garwyn Oaks",39.314498,-76.677132,"Street","1:00","p.m."
"1053","6/11/2026","Shoplifting","Inside",NA,NA,"None reported","None reported",NA,"6300 YORK RD","Northern","Lake Walker",39.371499,-76.609362,"Unknown","6:31","p.m."
"1054","6/11/2026","Shoplifting","Inside",NA,NA,"None reported","None reported",NA,"2700 W FRANKLIN ST","Southwest","Penrose/Fayette Street Outreach",39.292972,-76.662036,"Office building","4:01","a.m."
"1055","6/11/2026","Larceny","Inside",NA,"Male","48","White","Unknown","1800 WASHINGTON BLVD","Southern","Carroll - Camden Industrial Area",39.275107,-76.642094,"Convenience store","4:10","p.m."
"1056","6/2/2026","Larceny from auto","Outside",NA,"Female","73","Black or African American","Not Hispanic or Latino","1200 E BELVEDERE AVE","Northeast","Woodbourne Heights",39.360509,-76.592786,"Shed/garage","2:00","a.m."
"1057","6/2/2026","Larceny from auto","Outside",NA,"Male","77","Black or African American","Not Hispanic or Latino","1200 E BELVEDERE AVE","Northeast","Woodbourne Heights",39.360509,-76.592786,"Shed/garage","2:00","a.m."
"1058","6/2/2026","Larceny from auto","Outside",NA,"Male","42","Black or African American","Not Hispanic or Latino","300 FOLCROFT ST","Southeast","Bayview",39.290141,-76.541764,"Street","2:30","a.m."
"1059","6/11/2026","Larceny","Inside",NA,"Male","79","White","Not Hispanic or Latino","2800 EDGECOMBE CIR S","Northern","Parklane",39.342136,-76.66186,"Other/residential","6:30","p.m."
"1060","6/11/2026","Larceny","Inside",NA,"Male","35","None reported","Unknown","10 E SARATOGA ST","Central","Downtown",39.292197,-76.614529,"Other/residential","3:53","p.m."
"1061","6/19/2026","Shoplifting","Inside",NA,NA,"None reported","None reported",NA,"3900 BOSTON ST","Southeast","Canton Industrial Area",39.275947,-76.563023,"Wholesaler/store","5:40","p.m."
"1062","6/19/2026","Larceny","Inside",NA,"Female","33","Black or African American","Not Hispanic or Latino","500 N BRADFORD ST","Southeast","Mcelderry Park",39.297266,-76.584218,"Other/residential","8:41","p.m."
"1063","6/19/2026","Larceny of motor vehicle parts or accessories","Outside",NA,"Male","43","Black or African American","Not Hispanic or Latino","400 E 20TH ST","Eastern","Barclay",39.312636,-76.61013,"Street","5:30","p.m."
"1064","6/19/2026","Larceny from auto","Outside",NA,"Female","35","Black or African American","Unknown","800 HOLLINS ST","Southwest","Hollins Market",39.287731,-76.631585,"Street","7:30","p.m."
"1065","6/20/2026","Larceny","Outside",NA,"Male","60","White","Not Hispanic or Latino","3900 ERDMAN AVE","Eastern","Belair-Edison",39.314385,-76.570768,"Street","1:42","a.m."
"1066","6/19/2026","Larceny of motor vehicle parts or accessories","Inside",NA,"Male","39","White","Not Hispanic or Latino","2500 LAKELAND AVE","Southern","Lakeland",39.25525,-76.646777,"Other/residential","11:00","p.m."
"1067","6/19/2026","Larceny","Inside",NA,"Female","35","White","Not Hispanic or Latino","2300 W PATAPSCO AVE","Southern","Lakeland",39.252197,-76.647783,"Specialty store","6:30","p.m."
"1068","6/19/2026","Larceny","Inside",NA,NA,"None reported","None reported",NA,"500 PONCA ST","Southeast","Greektown",39.286355,-76.555095,"Religious  institution","4:00","p.m."
"1069","6/19/2026","Larceny from auto","Outside",NA,"Male","59","Black or African American","Unknown","2000 N PULASKI ST","Western","Mondawmin",39.31172,-76.651217,"Street","11:00","a.m."
"1070","6/20/2026","Larceny from auto","Inside",NA,"Male","70","None reported","Unknown","400 S ROBINSON ST","Southeast","Highlandtown",39.287143,-76.572164,"Other/residential","12:00","a.m."
"1071","6/19/2026","Larceny from auto","Outside",NA,"Male","49","Black or African American","Not Hispanic or Latino","3200 HOWARD PARK AVE","Northwest","Howard Park",39.328825,-76.698407,"Street","11:30","p.m."
"1072","6/20/2026","Larceny from auto","Outside",NA,"Male","33","Black or African American","Not Hispanic or Latino","1800 N FULTON AVE","Western","Sandtown-Winchester",39.308955,-76.646647,"Street","12:00","a.m."
"1073","6/19/2026","Shoplifting","Inside",NA,NA,"None reported","None reported",NA,"1000 W 41ST ST","Northern","Hoes Heights",39.3382,-76.63457,"Unknown","7:06","p.m."
"1074","6/11/2026","Larceny","Inside",NA,"Female","41","White","Not Hispanic or Latino","1200 RIVERSIDE AVE","Southern","Riverside",39.276183,-76.609004,"Other/residential","5:40","p.m."
"1075","6/11/2026","Larceny","Inside",NA,"Female","26","White","Not Hispanic or Latino","1800 S CHARLES ST","Southern","South Baltimore",39.269034,-76.613643,"Other/residential","4:26","p.m."
"1076","6/11/2026","Larceny","Inside",NA,"Female","35","White","Not Hispanic or Latino","1400 COOKSIE ST","Southern","Locust Point",39.269853,-76.59257,"Other/residential","4:50","p.m."
"1077","6/11/2026","Larceny","Inside",NA,"Male","37","White","Not Hispanic or Latino","2000 N CALVERT ST","Eastern","Barclay",39.31275,-76.614075,"Other/residential","9:32","p.m."
"1078","6/12/2026","Larceny","Inside",NA,"Female","50","Black or African American","Not Hispanic or Latino","3700 HARLEM AVE","Southwest","Edgewood",39.295017,-76.679317,"Other/residential","12:00","a.m."
"1079","6/11/2026","Larceny","Inside",NA,"Female","34","Black or African American","Not Hispanic or Latino","1500 CLAREMONT ST","Central","Perkins",39.288423,-76.596144,"Other/residential","3:48","p.m."
"1080","6/12/2026","Larceny from auto","Outside",NA,"Male","23","White","Not Hispanic or Latino","8 HILLSIDE RD","Northern","Roland Park",39.348855,-76.640554,"Street","12:00","a.m."
"1081","6/16/2026","Larceny from auto","Outside",NA,NA,"None reported","None reported",NA,"500 S KENWOOD AVE","Southeast","Canton",39.285269,-76.577094,"Street","4:15","p.m."
"1082","6/10/2026","Larceny","Inside",NA,"Female","23","Black or African American","Unknown","200 W SARATOGA ST","Central","Downtown",39.293087,-76.618268,"Hotel/motel","10:19","p.m."
"1083","6/10/2026","Larceny from auto","Inside",NA,NA,"None reported","None reported",NA,"1300 W HAMBURG ST","Southern","Carroll - Camden Industrial Area",39.277446,-76.633221,"Office building","10:00","p.m."
"1084","6/10/2026","Larceny","Inside",NA,"Male","27","White","Not Hispanic or Latino","100 W READ ST","Central","Mount Vernon",39.299441,-76.617515,"Other/residential","10:11","p.m."
"1085","6/10/2026","Larceny","Inside",NA,"Male","19","Unknown","Hispanic or Latino","400 ANNABEL AVE","Southern","Brooklyn",39.238072,-76.603353,"Other/residential","8:48","p.m."
"1086","6/19/2026","Larceny","Inside",NA,"Female","32","Black or African American","Not Hispanic or Latino","2600 PENNSYLVANIA AVE","Western","Penn North",39.311437,-76.6451,"Other/residential","3:00","a.m."
"1087","6/18/2026","Larceny","Inside","Personal weapons","Female","21","Black or African American","Unknown","1400 N ROSEDALE ST","Northwest","Rosemont",39.303799,-76.668837,"Other/residential","5:30","a.m."
"1088","6/19/2026","Larceny from auto","Outside",NA,"Female","59","Black or African American","Unknown","2000 BROENING HWY","Southeast","Canton Industrial Area",39.268121,-76.546237,"Shed/garage","3:00","a.m."
"1089","6/18/2026","Larceny","Inside",NA,"Male","51","White","Not Hispanic or Latino","900 E 43RD ST","Northern","Pen Lucy",39.343023,-76.601679,"Other/residential","7:00","a.m."
"1090","6/18/2026","Larceny from auto","Outside",NA,"Male","38","Black or African American","Not Hispanic or Latino","100 W SARATOGA ST","Central","Downtown",39.292857,-76.617291,"Street","10:55","a.m."
"1091","6/10/2026","Shoplifting","Inside",NA,NA,"None reported","None reported",NA,"5600 BELAIR RD","Northeast","Frankford",39.341724,-76.545966,"Convenience store","7:00","p.m."
"1092","6/10/2026","Shoplifting","Inside",NA,NA,"None reported","None reported",NA,"6100 HARFORD RD","Northeast","Westfield",39.35841,-76.555797,"Wholesaler/store","6:32","p.m."
"1093","6/10/2026","Shoplifting","Inside",NA,NA,"None reported","None reported",NA,"2900 HARFORD RD","Eastern","Coldstream Homestead Montebello",39.323495,-76.587956,"Convenience store","2:30","p.m."
"1094","6/10/2026","Larceny from auto","Outside",NA,"Male","29","Black or African American","Not Hispanic or Latino","600 N CALVERT ST","Central","Mount Vernon",39.296593,-76.612616,"Shed/garage","4:00","a.m."
"1095","6/10/2026","Larceny from auto","Outside",NA,"Male","34","None reported","Not Hispanic or Latino","1200 SAINT PAUL ST","Central","Mid-Town Belvedere",39.304105,-76.614695,"Street","3:00","p.m."
"1096","6/18/2026","Larceny from auto","Inside",NA,"Male","39","White","Unknown","4900 WRIGHT AVE","Eastern","Armistead Gardens",39.308089,-76.557282,"Other/residential","8:30","p.m."
"1097","6/17/2026","Larceny from auto","Outside",NA,"Male","40","Black or African American","Not Hispanic or Latino","1000 W BALTIMORE ST","Southwest","Hollins Market",39.288556,-76.634981,"Street","10:00","p.m."
"1098","6/18/2026","Larceny from auto","Outside",NA,"Female","28","Black or African American","Not Hispanic or Latino","100 E MOUNT ROYAL AVE","Central","Mid-Town Belvedere",39.305659,-76.614502,"Street","12:20","a.m."
"1099","6/11/2026","Larceny from auto","Inside",NA,"Female","30","Black or African American","Unknown","2200 FLEETWOOD AVE","Northeast","Hamilton Hills",39.366896,-76.568227,"Other/residential","3:00","a.m."
"1100","6/10/2026","Larceny","Inside",NA,"Female","47","Black or African American","Unknown","100 S POPPLETON ST","Southwest","Hollins Market",39.28662,-76.631847,"Other/residential","3:00","p.m."
"1101","6/10/2026","Larceny","Inside",NA,"Female","58","Black or African American","Unknown","500 DOLPHIN ST","Western","Upton",39.300687,-76.6273,"Other/residential","1:45","p.m."
"1102","6/15/2026","Larceny","Inside",NA,"Male","34","White","Not Hispanic or Latino","800 S HIGHLAND AVE","Southeast","Canton",39.283216,-76.568977,"Other/residential","11:00","p.m."
"1103","6/15/2026","Shoplifting","Inside",NA,NA,"None reported","None reported",NA,"2700 W FRANKLIN ST","Southwest","Penrose/Fayette Street Outreach",39.292972,-76.662036,"Convenience store","7:18","a.m."
"1104","6/15/2026","Shoplifting","Inside",NA,NA,"None reported","None reported",NA,"2000 FLEET ST","Central","Fells Point",39.28511,-76.587453,"Convenience store","7:30","a.m."
"1105","6/15/2026","Larceny","Inside",NA,"Female","35","Black or African American","Not Hispanic or Latino","600 E PRATT ST","Central","Inner Harbor",39.286933,-76.607299,"Wholesaler/store","6:15","p.m."
"1106","6/15/2026","Larceny","Inside",NA,"Female","43","Black or African American","Not Hispanic or Latino","1000 ALICEANNA ST","Central","Harbor East",39.283445,-76.599735,"Drug store / med  bldg","4:30","p.m."
"1107","6/15/2026","Shoplifting","Inside",NA,NA,"None reported","None reported",NA,"600 E PRATT ST","Central","Inner Harbor",39.286933,-76.607299,"Wholesaler/store","5:36","p.m."
"1108","6/14/2026","Larceny","Inside",NA,"Female","69","White","Unknown","1300 HULL ST","Southern","Locust Point",39.270546,-76.592654,"Other/residential","8:00","p.m."
"1109","6/11/2026","Larceny of motor vehicle parts or accessories","Outside",NA,"Female","30","Black or African American","Not Hispanic or Latino","1900 S HANOVER ST","Southern","South Baltimore",39.268104,-76.615377,"Shed/garage","1:00","a.m."
"1110","6/10/2026","Larceny","Inside",NA,"Female","22","White","Unknown","900 S BELNORD AVE","Southeast","Canton",39.28147,-76.577336,"Other/residential","3:59","p.m."
"1111","6/10/2026","Larceny","Inside",NA,"Male","25","Black or African American","Not Hispanic or Latino","6400 WALTHER AVE","Northeast","Rosemont East",39.356321,-76.540853,"Other/residential","11:00","a.m."
"1112","6/15/2026","Larceny from auto","Outside",NA,"Female","66","Black or African American","Not Hispanic or Latino","200 PARKIN ST","Southern","Washington Village/Pigtown",39.28586,-76.63058,"Street","2:00","a.m."
"1113","6/15/2026","Larceny from auto","Outside",NA,"Female","69","American Indian or Alaska Native","Not Hispanic or Latino","400 SCOTT ST","Southern","Washington Village/Pigtown",39.283463,-76.629038,"Street","2:00","a.m."
"1114","6/15/2026","Larceny from auto","Outside",NA,NA,"None reported","None reported",NA,"400 SCOTT ST","Southern","Washington Village/Pigtown",39.283463,-76.629038,"Street","2:00","a.m."
"1115","6/15/2026","Larceny from auto","Outside",NA,"Female","32","Black or African American","Not Hispanic or Latino","100 E 39TH ST","Northern","Guilford",39.336469,-76.614643,"Street","12:30","a.m."
"1116","6/11/2026","Larceny from auto","Outside",NA,"Male","46","Black or African American","Not Hispanic or Latino","4400 MORAVIA RD","Northeast","Frankford",39.328077,-76.557954,"Street","12:00","a.m."
"1117","6/11/2026","Larceny from auto","Outside",NA,"Female","32","Black or African American","Unknown","4400 MORAVIA RD","Northeast","Frankford",39.328802,-76.557351,"Street","1:15","a.m."
"1118","6/10/2026","Larceny","Inside",NA,"Female","65","White","Not Hispanic or Latino","2500 BROOKFIELD AVE","Western","Reservoir Hill",39.316182,-76.633704,"Other/residential","6:00","p.m."
"1119","6/10/2026","Shoplifting","Inside",NA,NA,"None reported","None reported",NA,"3700 FLEET ST","Southeast","Brewers Hill",39.285292,-76.565738,"Convenience store","8:20","a.m."
"1120","6/10/2026","Shoplifting","Inside",NA,NA,"None reported","None reported",NA,"2700 W FRANKLIN ST","Southwest","Penrose/Fayette Street Outreach",39.292972,-76.662036,"Convenience store","8:10","a.m."
"1121","6/10/2026","Larceny from auto","Outside",NA,"Male","23","Black or African American","Not Hispanic or Latino","300 W FAYETTE ST","Central","Downtown",39.290316,-76.619886,"Street","7:26","a.m."
"1122","6/13/2026","Larceny","Inside",NA,"Female","57","Black or African American","Unknown","4500 HAZELWOOD AVE","Northeast","Frankford",39.338251,-76.538997,"School","1:00","a.m."
"1123","6/12/2026","Larceny","Inside",NA,"Female","47","White","Not Hispanic or Latino","3700 FOSTER AVE","Southeast","Brewers Hill",39.284476,-76.565685,"Other/residential","9:30","a.m."
"1124","6/12/2026","Larceny","Inside",NA,"Male","41","White","Not Hispanic or Latino","2600 E PRESTON ST","Eastern","Berea",39.305749,-76.580731,"Other/residential","1:00","p.m."
"1125","6/12/2026","Larceny","Inside",NA,NA,"None reported","None reported",NA,"200 REEDBIRD AVE","Southern","Middle Branch/Reedbird Parks",39.24864,-76.616102,"Public building","5:14","p.m."
"1126","6/12/2026","Larceny","Inside",NA,"Male","33","None reported","Hispanic or Latino","600 PONCA ST","Southeast","Greektown",39.28543,-76.555047,"Other/residential","4:00","p.m."
"1127","6/12/2026","Larceny","Inside",NA,"Female","70","White","Not Hispanic or Latino","1800 MCHENRY ST","Southwest","Carrollton Ridge",39.284132,-76.645982,"Other/residential","4:22","p.m."
"1128","6/15/2026","Larceny from auto","Outside",NA,"Female","25","None reported","Unknown","7 S BROADWAY","Central","Washington Hill",39.291019,-76.593497,"Street","12:30","a.m."
"1129","6/14/2026","Larceny from auto","Outside",NA,NA,"None reported","None reported",NA,"2600 E FAIRMOUNT AVE","Southeast","Patterson Park Neighborhood",39.293367,-76.579554,"Street","9:30","p.m."
"1130","6/14/2026","Larceny","Inside",NA,"Female","46","American Indian or Alaska Native","Not Hispanic or Latino","900 N CAROLINE ST","Central","Gay Street",39.301285,-76.597865,"Other/residential","4:24","p.m."
"1131","6/14/2026","Shoplifting","Outside",NA,NA,"None reported","None reported",NA,"2900 WATERVIEW AVE","Southern","Cherry Hill",39.257441,-76.632524,"Gas station","2:30","p.m."
"1132","6/10/2026","Larceny","Inside",NA,"Female","None reported","Black or African American","Not Hispanic or Latino","200 E REDWOOD ST","Central","Downtown",39.28882,-76.611439,"Restaurant","5:49","p.m."
"1133","6/6/2026","Shoplifting","Inside",NA,NA,"None reported","None reported",NA,"500 N CHARLES ST","Central","Mount Vernon",39.296178,-76.615334,"Convenience store","8:19","p.m."
"1134","6/9/2026","Larceny of motor vehicle parts or accessories","Outside",NA,"Female","42","Black or African American","Unknown","1400 EDMONDSON AVE","Western","Harlem Park",39.295256,-76.64006,"Shed/garage","10:00","p.m."
"1135","6/9/2026","Larceny","Inside",NA,"Male","53","Black or African American","Not Hispanic or Latino","300 S MACON ST","Southeast","Greektown",39.288744,-76.557211,"Other/residential","8:50","p.m."
"1136","6/12/2026","Larceny","Outside",NA,"Female","23","Black or African American","Not Hispanic or Latino","50 S FREDERICK ST","Central","Downtown",39.289187,-76.608161,"Shed/garage","3:00","p.m."
"1137","6/10/2026","Larceny from auto","Outside",NA,"Male","26","White","Not Hispanic or Latino","2100 CAMBRIDGE ST","Southeast","Canton",39.284848,-76.586488,"Street","3:00","a.m."
"1138","6/9/2026","Larceny","Inside",NA,"Female","55","Black or African American","Not Hispanic or Latino","2200 BROOKFIELD AVE","Western","Reservoir Hill",39.313143,-76.63294,"Other/residential","4:00","p.m."
"1139","6/9/2026","Larceny from auto","Outside",NA,"Male","65","Black or African American","Not Hispanic or Latino","500 FALLSWAY","Central","Penn-Fallsway",39.296043,-76.610169,"Street","10:00","p.m."
"1140","6/9/2026","Larceny","Inside",NA,"Female","60","Black or African American","Unknown","1000 N CHARLES ST","Central","Mid-Town Belvedere",39.302122,-76.615787,"Restaurant","4:00","p.m."
"1141","6/10/2026","Larceny from auto","Inside",NA,"Female","37","Black or African American","Unknown","300 N GAY ST","Central","Penn-Fallsway",39.293421,-76.608146,"Penitentiary/jail","3:00","a.m."
"1142","6/12/2026","Larceny from auto","Outside",NA,"Male","40","Black or African American","Not Hispanic or Latino","4700 RENWICK AVE","Northeast","Frankford",39.340271,-76.53526,"Street","2:00","a.m."
"1143","6/11/2026","Larceny","Inside",NA,"Female","33","Black or African American","Not Hispanic or Latino","2000 ORLEANS ST","Southeast","Care",39.295239,-76.588177,"Other/residential","5:55","p.m."
"1144","6/11/2026","Larceny","Inside",NA,"Female","63","White","Not Hispanic or Latino","3700 OLD YORK RD","Northern","Waverly",39.335282,-76.607256,"Other/residential","4:00","p.m."
"1145","6/9/2026","Larceny","Inside",NA,"Male","64","White","Not Hispanic or Latino","3200 SPAULDING AVE","Northern","Central Park Heights",39.34737,-76.676056,"Other/residential","10:00","p.m."
"1146","6/11/2026","Shoplifting","Inside",NA,NA,"None reported","None reported",NA,"2600 BOSTON ST","Southeast","Canton",39.280307,-76.579578,"Grocery/confection","9:15","p.m."
"1147","6/12/2026","Larceny from auto","Outside",NA,"Female","28","White","Unknown","1600 BEASON ST","Southern","Locust Point",39.270959,-76.590022,"Street","1:00","a.m."
"1148","6/10/2026","Larceny from auto","Inside",NA,"Male","54","Black or African American","Not Hispanic or Latino","2700 LAURETTA AVE","Western","Rosemont Homeowners/Tenants",39.29368,-76.661998,"Other/residential","1:00","a.m."
"1149","6/9/2026","Larceny from auto","Outside",NA,"Female","44","Black or African American","Not Hispanic or Latino","2000 BURNWOOD RD","Northeast","Perring Loch",39.352665,-76.580592,"Street","8:30","a.m."
"1150","6/9/2026","Shoplifting","Inside",NA,NA,"None reported","None reported",NA,"6300 YORK RD","Northern","Lake Walker",39.371499,-76.609362,"Wholesaler/store","11:34","a.m."
"1151","6/9/2026","Shoplifting","Inside",NA,NA,"None reported","None reported",NA,"2400 FREDERICK AVE","Southwest","Millhill",39.282588,-76.653448,"Wholesaler/store","2:40","p.m."
"1152","6/9/2026","Larceny of motor vehicle parts or accessories","Outside",NA,"Male","32","White","Not Hispanic or Latino","5100 UNDERWOOD RD","Northern","Radnor-Winston",39.350692,-76.614393,"Street","8:30","p.m."
"1153","6/10/2026","Larceny from auto","Outside",NA,"Male","27","White","Not Hispanic or Latino","1500 LATROBE PARK TER","Southern","Locust Point",39.268286,-76.593749,"Shed/garage","12:00","a.m."
"1154","6/8/2026","Larceny","Inside",NA,NA,"None reported","None reported",NA,"1900 W BALTIMORE ST","Southwest","Boyd-Booth",39.287946,-76.648283,"Other/residential","4:00","p.m."
"1155","6/8/2026","Larceny","Inside",NA,NA,"None reported","None reported",NA,"1900 W BALTIMORE ST","Southwest","Boyd-Booth",39.287943,-76.648392,"Other/residential","4:00","p.m."
"1156","6/9/2026","Shoplifting","Inside",NA,NA,"None reported","None reported",NA,"6300 YORK RD","Northern","Lake Walker",39.371499,-76.609362,"Drug store / med  bldg","12:15","a.m."
"1157","6/9/2026","Larceny from auto","Inside",NA,"Male","52","White","Not Hispanic or Latino","1300 CLIPPER HEIGHTS AVE","Northern","Hampden",39.327686,-76.635943,"Other/residential","12:15","a.m."
"1158","6/9/2026","Larceny","Inside",NA,"Female","42","White","Not Hispanic or Latino","200 S NEWKIRK ST","Southeast","Greektown",39.289797,-76.556549,"Other/residential","12:19","a.m."
"1159","6/9/2026","Larceny","Outside",NA,"Female","63","Black or African American","Not Hispanic or Latino","300 ST PAUL PLACE","Central","Downtown",39.293687,-76.614381,"Street","9:00","p.m."
"1160","6/9/2026","Larceny from auto","Outside",NA,"Female","None reported","Black or African American","Not Hispanic or Latino","1700 E LANVALE ST","Eastern","Broadway East",39.309774,-76.59386,"Street","8:00","a.m."
"1161","6/9/2026","Larceny","Inside",NA,"Male","55","White","Unknown","6600 GRACELAND AVE","Southeast","Graceland Park",39.281825,-76.534103,"Other/residential","8:18","a.m."
"1162","6/10/2026","Larceny from auto","Inside",NA,NA,"None reported","None reported",NA,"2100 ANNAPOLIS RD","Southern","Westport",39.265454,-76.632223,"Warehouse","9:30","a.m."
"1163","6/10/2026","Larceny from auto","Inside",NA,"Male","49","White","Not Hispanic or Latino","2100 ANNAPOLIS RD","Southern","Westport",39.265454,-76.632223,"Warehouse","9:30","a.m."
"1164","6/10/2026","Larceny","Inside",NA,"Male","55","Black or African American","Not Hispanic or Latino","4800 GWYNN OAK AVE","Northwest","Howard Park",39.330172,-76.698553,"Other/residential","4:00","p.m."
"1165","6/10/2026","Shoplifting","Inside",NA,NA,"None reported","None reported",NA,"600 E PRATT ST","Central","Inner Harbor",39.286541,-76.60724,"Specialty store","3:00","p.m."
"1166","6/11/2026","Larceny from auto","Outside",NA,"Female","28","Black or African American","Unknown","4400 MORAVIA RD","Northeast","Frankford",39.328393,-76.558394,"Street","3:30","a.m."
"1167","6/8/2026","Larceny","Inside",NA,NA,"None reported","None reported",NA,"600 PARK AVE","Central","Mount Vernon",39.296879,-76.618012,"Other/residential","8:00","p.m."
"1168","6/8/2026","Larceny","Outside",NA,"Male","61","White","Not Hispanic or Latino","500 FRANKFURST AVE","Southern","Fairfield Area",39.24196,-76.601758,"Construction site","6:00","p.m."
"1169","6/5/2026","Larceny","Inside",NA,"Female","21","None reported","Unknown","3100 N CALVERT ST","Northern","Charles Village",39.326597,-76.615021,"Other/residential","9:56","p.m."
"1170","6/9/2026","Shoplifting","Inside",NA,NA,"None reported","None reported",NA,"3900 BOSTON ST","Southeast","Canton Industrial Area",39.275908,-76.563829,"Wholesaler/store","6:11","p.m."
"1171","6/9/2026","Shoplifting","Inside",NA,NA,"None reported","None reported",NA,"600 S EXETER ST","Central","Harbor East",39.283869,-76.600476,"Convenience store","7:18","p.m."
"1172","6/11/2026","Larceny of motor vehicle parts or accessories","Outside",NA,"Female","19","Black or African American","Not Hispanic or Latino","1100 ABBOTT CT","Central","Oldtown",39.301103,-76.602476,"Street","1:40","a.m."
"1173","6/10/2026","Larceny","Inside",NA,"Female","16","Black or African American","Unknown","500 N LONGWOOD ST","Southwest","Penrose/Fayette Street Outreach",39.293805,-76.665467,"Other/residential","5:52","p.m."
"1174","6/7/2026","Larceny","Inside",NA,"Male","11","Black or African American","Not Hispanic or Latino","200 S LINWOOD AVE","Southeast","Patterson Park",39.288885,-76.577287,"Public building","7:00","p.m."
"1175","6/7/2026","Larceny","Inside",NA,"Male","12","Black or African American","Unknown","200 S LINWOOD AVE","Southeast","Patterson Park",39.288885,-76.577287,"Public building","7:00","p.m."
"1176","6/7/2026","Larceny","Outside",NA,"Male","32","White","Unknown",NA,"Southern","Federal Hill",39.278099,-76.614447,"Street","8:13","p.m."
"1177","6/7/2026","Larceny","Inside",NA,NA,"None reported","None reported",NA,"300 N CHARLES ST","Central","Downtown",39.293272,-76.615464,"Convenience store","5:00","p.m."
"1178","6/6/2026","Shoplifting","Inside",NA,"Male","22","None reported","Not Hispanic or Latino","500 N CHARLES ST","Central","Mount Vernon",39.296178,-76.615334,"Convenience store","8:19","p.m."
"1179","6/6/2026","Larceny","Inside",NA,"Male","48","Black or African American","Not Hispanic or Latino","2900 SYLVAN AVE","Northeast","Westfield",39.359743,-76.556033,"Other/residential","5:26","p.m."
"1180","6/8/2026","Larceny of motor vehicle parts or accessories","Outside",NA,"Female","52","Black or African American","Not Hispanic or Latino","4700 CHATFORD AVE","Northeast","Parkside",39.323765,-76.555068,"Shed/garage","2:00","p.m."
"1181","6/9/2026","Shoplifting","Inside",NA,NA,"None reported","None reported",NA,"900 N CHARLES ST","Central","Mount Vernon",39.30081,-76.616076,"Wholesaler/store","1:04","a.m."
"1182","6/8/2026","Larceny from auto","Outside",NA,"Male","17","White","Unknown","1500 E FORT AVENUE","Southern","Locust Point Industrial Area",39.265245,-76.583237,"Park","11:30","p.m."
"1183","6/9/2026","Larceny","Outside",NA,"Male","45","White","Unknown","3100 GUILFORD AVE","Northern","Charles Village",39.325981,-76.61345,"Street","1:07","a.m."
"1184","6/6/2026","Shoplifting","Inside",NA,NA,"None reported","None reported",NA,"5800 YORK RD","Northern","Belvedere",39.360714,-76.609467,"Wholesaler/store","7:38","p.m."
"1185","6/6/2026","Larceny from auto","Inside",NA,NA,"None reported","None reported",NA,"4000 EDGEWOOD RD","Northwest","East Arlington",39.332297,-76.66873,"Other/residential","10:00","p.m."
"1186","6/7/2026","Larceny","Outside",NA,"Female","21","None reported","Unknown","1100 N EDEN ST","Central","Johnston Square",39.303703,-76.599682,"Street","1:00","a.m."
"1187","6/6/2026","Larceny from auto","Outside",NA,"Female","36","None reported","Hispanic or Latino","1500 E FORT AVE","Southern","Locust Point",39.268549,-76.592975,"Park","2:15","p.m."
"1188","6/6/2026","Larceny","Outside",NA,"Male","20","Asian","Unknown","5100 WRIGHT AVE","Eastern","Armistead Gardens",39.305306,-76.551548,"Street","7:30","a.m."
"1189","6/9/2026","Larceny of motor vehicle parts or accessories","Inside",NA,"Male","23","Black or African American","Not Hispanic or Latino","5300 LYNVIEW AVE","Northwest","Woodmere",39.344495,-76.689635,"Other/residential","1:30","a.m."
"1190","6/8/2026","Larceny of motor vehicle parts or accessories","Outside",NA,"Female","77","Black or African American","Unknown","700 NOTTINGHAM RD","Southwest","Hunting Ridge",39.29465,-76.702228,"Shed/garage","5:00","p.m."
"1191","6/8/2026","Larceny from auto","Outside",NA,"Male","60","Black or African American","Not Hispanic or Latino","600 CUMBERLAND ST","Western","Sandtown-Winchester",39.308986,-76.641762,"Street","3:00","p.m."
"1192","6/8/2026","Larceny from auto","Inside",NA,"Female","38","Black or African American","Not Hispanic or Latino","200 E BALTIMORE ST","Central","Downtown",39.289527,-76.611609,"Specialty store","6:28","a.m."
"1193","6/8/2026","Larceny from auto","Outside",NA,"Male","28","Black or African American","Unknown","300 ST PAUL PLACE","Central","Downtown",39.292451,-76.614278,"Shed/garage","8:30","p.m."
"1194","6/6/2026","Larceny from auto","Outside",NA,"Male","33","Black or African American","Not Hispanic or Latino","200 E REDWOOD ST","Central","Downtown",39.28882,-76.611439,"Street","4:30","a.m."
"1195","6/6/2026","Larceny from auto","Outside",NA,"Female","27","Black or African American","Not Hispanic or Latino","200 E REDWOOD ST","Central","Downtown",39.28882,-76.611439,"Street","4:30","a.m."
"1196","6/6/2026","Larceny","Outside",NA,"Male","30","White","Unknown","1100 S ELLWOOD AVE","Southeast","Canton",39.279815,-76.572704,"Street","6:30","a.m."
"1197","6/8/2026","Larceny","Inside",NA,"Female","30","Black or African American","Not Hispanic or Latino","4800 PALMER AVE","Northern","Central Park Heights",39.346507,-76.670424,"Other/residential","3:00","p.m."
"1198","6/8/2026","Larceny","Inside",NA,"Female","33","Asian","Not Hispanic or Latino","3600 MARY AVE","Northeast","Hamilton",39.350094,-76.548877,"Other/residential","5:00","p.m."
"1199","6/9/2026","Larceny from auto","Outside",NA,"Female","38","Black or African American","Not Hispanic or Latino","6600 EBERLE DR","Northwest","Reisterstown Station",39.354806,-76.71065,"Shed/garage","1:00","a.m."
"1200","6/6/2026","Shoplifting","Inside",NA,NA,"None reported","None reported",NA,"6400 FORT SMALLWOOD RD","Southern","Hawkins Point",39.200749,-76.555504,"Convenience store","7:30","a.m."
"1201","6/8/2026","Larceny from auto","Inside",NA,"Male","29","Black or African American","Unknown","2000 MADISON AVE","Western","Druid Heights",39.308625,-76.634037,"Other/residential","7:30","p.m."
"1202","6/6/2026","Larceny of motor vehicle parts or accessories","Outside",NA,"Female","66","Black or African American","Not Hispanic or Latino","10 S BERNICE AVE","Southwest","Carroll-South Hilton",39.285443,-76.669488,"Street","6:45","p.m."
"1203","6/3/2026","Larceny","Inside",NA,"Female","35","White","Not Hispanic or Latino","1800 JACKSON ST","Southern","Riverside",39.269588,-76.604705,"Other/residential","8:50","a.m."
"1204","6/4/2026","Larceny from auto","Inside",NA,"Female","32","Black or African American","Unknown","500 N BELNORD AVE","Southeast","Mcelderry Park",39.297282,-76.578784,"Other/residential","3:00","a.m."
"1205","6/6/2026","Shoplifting","Inside",NA,NA,"None reported","None reported",NA,"900 N WASHINGTON ST","Southeast","Middle East",39.300779,-76.589972,"Convenience store","4:42","p.m."
"1206","6/6/2026","Larceny","Inside",NA,"Male","25","Black or African American","Unknown","2000 E NORTH AVE","Eastern","Broadway East",39.312178,-76.589206,"Office building","7:00","p.m."
"1207","6/6/2026","Larceny from auto","Inside",NA,"Male","31","White","Not Hispanic or Latino","4100 WESTVIEW RD","Northeast","Original Northwood",39.340555,-76.598961,"Other/residential","8:15","p.m."
"1208","6/7/2026","Larceny from auto","Outside",NA,"Male","32","White","Hispanic or Latino","300 GWYNN AVE","Southwest","Allendale",39.291675,-76.673527,"Street","1:00","a.m."
"1209","6/7/2026","Larceny from auto","Outside",NA,"Female","28","White","Not Hispanic or Latino","3400 FALLSTAFF RD","Northwest","Cross Country",39.366684,-76.701245,"Street","2:30","a.m."
"1210","6/8/2026","Shoplifting","Inside",NA,NA,"None reported","None reported",NA,"6700 REISTERSTOWN RD","Northwest","Reisterstown Station",39.358166,-76.707481,"Specialty store","4:40","p.m."
"1211","6/7/2026","Shoplifting","Inside",NA,NA,"None reported","None reported",NA,"1300 N CAROLINE ST","Eastern","Oliver",39.305318,-76.59829,"Convenience store","1:00","a.m."
"1212","6/6/2026","Shoplifting","Inside",NA,NA,"None reported","None reported",NA,"3500 BOSTON ST","Southeast","Canton Industrial Area",39.274838,-76.56655,"Wholesaler/store","9:19","p.m."
"1213","6/6/2026","Larceny","Inside",NA,"Unknown","22","None reported","Unknown","50 W BIDDLE ST","Central","Mid-Town Belvedere",39.303525,-76.618219,"Other/residential","10:32","p.m."
"1214","6/7/2026","Larceny from auto","Outside",NA,"Male","20","Black or African American","Not Hispanic or Latino","8 N POTOMAC ST","Southeast","Patterson Park Neighborhood",39.292725,-76.574952,"Street","3:30","a.m."
"1215","6/6/2026","Larceny","Inside",NA,"Female","37","Black or African American","Not Hispanic or Latino","5200 MORAVIA RD","Northeast","Frankford",39.324502,-76.549658,"Specialty store","11:50","p.m."
"1216","6/6/2026","Larceny from auto","Outside",NA,"Male","None reported","Black or African American","Unknown","700 W 40TH ST","Northern","Hampden",39.334611,-76.630325,"Street","5:00","p.m."
"1217","6/6/2026","Larceny","Inside",NA,"Male","24","None reported","Unknown","400 E 25TH ST","Eastern","Barclay",39.317852,-76.611126,"Other/residential","11:30","p.m."
"1218","6/6/2026","Larceny from auto","Outside",NA,NA,"None reported","None reported",NA,"700 EASTERN AVE","Central","Inner Harbor",39.284762,-76.605608,"Shed/garage","10:00","p.m."
"1219","6/8/2026","Shoplifting","Outside",NA,NA,"None reported","None reported",NA,"2400 N CHARLES ST","Eastern","Old Goucher",39.316466,-76.617099,"Street","2:05","p.m."
"1220","6/8/2026","Shoplifting","Inside",NA,NA,"None reported","None reported",NA,"4100 PULASKI HWY","Southeast","Kresson",39.296926,-76.562615,"Specialty store","1:15","p.m."
"1221","6/8/2026","Shoplifting","Inside",NA,NA,"None reported","None reported",NA,"2400 FREDERICK AVE","Southwest","Millhill",39.282588,-76.653448,"Shopping malls/cntr","5:48","p.m."
"1222","6/8/2026","Shoplifting","Inside",NA,NA,"None reported","None reported",NA,"6300 YORK RD","Northern","Lake Walker",39.371499,-76.609362,"Convenience store","3:06","p.m."
"1223","6/7/2026","Shoplifting","Inside",NA,NA,"None reported","None reported",NA,"6500 REISTERSTOWN RD","Northwest","Reisterstown Station",39.35655,-76.705596,"Wholesaler/store","4:40","p.m."
"1224","6/5/2026","Larceny","Outside",NA,NA,"None reported","None reported",NA,"4900 CRENSHAW AVE","Northeast","Frankford",39.327542,-76.544187,"Construction site","8:00","p.m."
"1225","6/6/2026","Larceny","Inside",NA,"Female","46","Black or African American","Unknown","2600 BOSTON ST","Southeast","Canton",39.28,-76.579789,"Grocery/confection","9:50","p.m."
"1226","6/7/2026","Larceny","Outside",NA,"Female","31","Black or African American","Unknown","7 N CALVERT ST","Central","Downtown",39.290131,-76.612104,"Street","4:00","a.m."
"1227","6/7/2026","Shoplifting","Inside",NA,NA,"None reported","None reported",NA,"600 E PRATT ST","Central","Inner Harbor",39.286933,-76.607299,"Wholesaler/store","5:30","p.m."
"1228","6/2/2026","Larceny","Outside",NA,"Female","38","White","Not Hispanic or Latino","100 N MOUNT ST","Southwest","Franklin Square",39.290243,-76.644074,"Street","11:40","p.m."
"1229","6/5/2026","Larceny","Outside",NA,NA,"None reported","None reported",NA,"5900 YORK RD","Northeast","Chinquapin Park",39.364462,-76.609663,"Gas station","11:05","p.m."
"1230","6/5/2026","Shoplifting","Inside",NA,NA,"None reported","None reported",NA,"3100 W NORTH AVE","Northwest","Northwest Community Action",39.308767,-76.669629,"Liquor store","11:30","p.m."
"1231","6/5/2026","Larceny from auto","Outside",NA,"Female","60","Black or African American","Not Hispanic or Latino","1200 S LINWOOD AVE","Southeast","Canton",39.278858,-76.57547,"Street","5:00","p.m."
"1232","6/7/2026","Shoplifting","Inside",NA,NA,"None reported","None reported",NA,"6300 YORK RD","Northern","Lake Walker",39.371499,-76.609362,"Wholesaler/store","11:21","a.m."
"1233","6/7/2026","Larceny","Inside",NA,"Female","31","Black or African American","Not Hispanic or Latino","6100 FORTVIEW WAY","Southeast","O'donnell Heights",39.277587,-76.542274,"Other/residential","7:10","p.m."
"1234","6/7/2026","Larceny from auto","Outside",NA,"Male","24","Black or African American","Not Hispanic or Latino","2500 ST PAUL STREET","Northern","Charles Village",39.318725,-76.615242,"Shed/garage","5:30","a.m."
"1235","6/5/2026","Larceny from auto","Outside",NA,"Female","48","White","Unknown","3800 PARKVIEW AVE","Northwest","Grove Park",39.338913,-76.705202,"Shed/garage","11:45","p.m."
"1236","6/5/2026","Shoplifting","Inside",NA,NA,"None reported","None reported",NA,"1600 EDISON HWY","Eastern","Berea",39.309893,-76.573469,"Unknown","8:53","p.m."
"1237","6/5/2026","Shoplifting","Inside",NA,NA,"None reported","None reported",NA,"600 S EXETER ST","Central","Harbor East",39.283437,-76.60041,"Wholesaler/store","8:25","p.m."
"1238","6/5/2026","Larceny","Inside",NA,"Female","55","Asian","Unknown","300 N CHARLES ST","Central","Downtown",39.29386,-76.615618,"Restaurant","5:00","p.m."
"1239","6/7/2026","Larceny from auto","Outside",NA,NA,"None reported","None reported",NA,"2000 ORLEANS ST","Southeast","Care",39.295201,-76.588991,"Gas station","2:50","p.m."
"1240","6/7/2026","Larceny from auto","Inside",NA,"Female","25","White","Unknown","4000 FAIRHAVEN AVE","Southern","Curtis Bay",39.228851,-76.590105,"Other/residential","4:30","a.m."
"1241","6/6/2026","Larceny of motor vehicle parts or accessories","Outside",NA,"Male","32","Black or African American","Unknown","2000 E OLIVER ST","Eastern","Broadway East",39.307813,-76.590005,"Street","1:44","a.m."
"1242","6/5/2026","Larceny","Inside",NA,"Male","49","Black or African American","Unknown","2500 FRANCIS ST","Western","Penn North",39.313437,-76.642581,"Other/residential","9:14","p.m."
"1243","6/5/2026","Larceny from auto","Outside",NA,"Male","66","Black or African American","Not Hispanic or Latino","200 S STRICKER ST","Southwest","Mount Clare",39.285289,-76.640965,"Street","10:00","p.m."
"1244","6/5/2026","Larceny from auto","Outside",NA,"Female","28","White","Unknown","3800 PARKVIEW AVE","Northwest","Grove Park",39.338913,-76.705202,"Shed/garage","11:45","p.m."
"1245","6/5/2026","Larceny","Inside","Personal weapons","Female","20","Black or African American","Unknown","3900 MORTIMER AVE","Northwest","Glen",39.350523,-76.690512,"Other/residential","3:00","a.m."
"1246","6/4/2026","Larceny","Inside",NA,"Male","42","White","Unknown","600 E 37TH ST","Northern","Waverly",39.333456,-76.606638,"Other/residential","8:00","p.m."
"1247","6/4/2026","Shoplifting","Inside",NA,NA,"None reported","None reported",NA,"2600 BOSTON ST","Southeast","Canton",39.280307,-76.579578,"Wholesaler/store","9:01","p.m."
"1248","6/4/2026","Larceny from auto","Outside",NA,"Female","44","Black or African American","Not Hispanic or Latino","4300 PIMLICO RD","Northern","Greenspring",39.339365,-76.664042,"Street","8:00","p.m."
"1249","6/5/2026","Larceny from auto","Outside",NA,"Male","41","None reported","Hispanic or Latino","300 S PAYSON ST","Southwest","Carrollton Ridge",39.283707,-76.648088,"Street","3:00","a.m."
"1250","6/4/2026","Larceny","Inside",NA,"Male","35","Black or African American","Not Hispanic or Latino","5000 DICKEY HILL RD","Northwest","Wakefield",39.311477,-76.703623,"School","7:00","p.m."
"1251","6/4/2026","Shoplifting","Inside",NA,NA,"None reported","None reported",NA,"1100 LIGHT ST","Southern","Riverside",39.276808,-76.612147,"Convenience store","1:10","p.m."
"1252","6/4/2026","Shoplifting","Outside",NA,NA,"None reported","None reported",NA,"4400 FALLS RD","Northern","Medfield",39.342877,-76.640581,"Gas station","1:20","p.m."
"1253","6/5/2026","Larceny","Outside",NA,"Male","43","White","Not Hispanic or Latino","400 E FAYETTE ST","Central","Downtown",39.290405,-76.609129,"Street","4:13","p.m."
"1254","6/5/2026","Larceny of motor vehicle parts or accessories","Outside",NA,"Female","42","Black or African American","Unknown","200 S HILTON ST","Southwest","Saint Josephs",39.282748,-76.672358,"Car lot-new/used","12:00","p.m."
"1255","6/5/2026","Larceny","Inside",NA,"Female","23","Black or African American","Not Hispanic or Latino","1000 MC ALEER CT","Central","Oldtown",39.300072,-76.603374,"Other/residential","9:30","p.m."
"1256","6/5/2026","Larceny from auto","Outside",NA,"Male","37","Black or African American","Not Hispanic or Latino","5500 PARK HEIGHTS AVE","Northwest","Arlington",39.351934,-76.684525,"Street","1:30","p.m."
"1257","6/4/2026","Larceny from auto","Inside",NA,NA,"None reported","None reported",NA,"2200 E MONUMENT ST","Southeast","Middle East",39.298873,-76.585416,"Office building","9:58","a.m."
"1258","6/3/2026","Larceny","Inside",NA,"Male","26","White","Unknown","1200 SAINT PAUL ST","Central","Mid-Town Belvedere",39.304105,-76.614695,"Other/residential","11:00","p.m."
"1259","6/3/2026","Larceny from auto","Inside",NA,"Female","31","Black or African American","Unknown","3000 SOUTHLAND AVE","Southern","Cherry Hill",39.249872,-76.618719,"Other/residential","10:00","p.m."
"1260","6/3/2026","Shoplifting","Inside",NA,NA,"None reported","None reported",NA,"400 W PRATT ST","Central","Downtown West",39.285918,-76.621779,"Specialty store","9:30","p.m."
"1261","6/3/2026","Larceny","Inside",NA,"Male","70","White","Not Hispanic or Latino","4100 PATTERSON AVE","Northwest","Reisterstown Station",39.354451,-76.703757,"Office building","8:12","p.m."
"1262","6/5/2026","Larceny","Inside",NA,"Male","52","White","Not Hispanic or Latino","5600 O'DONNELL ST","Southeast","Pulaski Industrial Area",39.281302,-76.548232,"Restaurant","12:30","p.m."
"1263","6/5/2026","Larceny","Inside","Firearm","Female","41","Black or African American","Unknown","1000 POPLAR GROVE ST","Western","Mosher",39.299702,-76.665045,"Other/residential","4:30","p.m."
"1264","6/5/2026","Shoplifting","Inside",NA,NA,"None reported","None reported",NA,"6100 HOLABIRD AVE","Southeast","Broening Manor",39.272331,-76.543025,"Convenience store","2:00","p.m."
"1265","6/3/2026","Larceny","Inside",NA,NA,"None reported","None reported",NA,"5300 PARK HEIGHTS AVE","Northwest","Pimlico Good Neighbors",39.350362,-76.679478,"Office building","2:55","a.m."
"1266","6/3/2026","Shoplifting","Inside",NA,NA,"None reported","None reported",NA,"5300 YORK RD","Northern","Woodbourne-Mccabe",39.35484,-76.609709,"Wholesaler/store","1:40","p.m."
"1267","6/5/2026","Larceny of motor vehicle parts or accessories","Outside",NA,NA,"None reported","None reported",NA,"1000 HILLEN ST","Central","Oldtown",39.295434,-76.607229,"Shed/garage","3:00","a.m."
"1268","6/5/2026","Larceny from auto","Inside",NA,"Female","48","Black or African American","Unknown","2400 WOODBROOK AVE","Western","Penn North",39.311197,-76.641771,"Other/residential","12:30","a.m."
"1269","6/5/2026","Larceny of motor vehicle parts or accessories","Outside",NA,"Male","38","White","Not Hispanic or Latino","3000 VINEYARD LN","Northern","Abell",39.325519,-76.609932,"Street","12:00","a.m."
"1270","6/4/2026","Larceny from auto","Outside",NA,"Female","24","White","Not Hispanic or Latino","700 HARVEY ST","Southern","Riverside",39.272882,-76.602877,"Street","6:00","p.m."
"1271","6/4/2026","Larceny","Outside",NA,"Female","38","Black or African American","Not Hispanic or Latino","700 NEWINGTON AVE","Western","Reservoir Hill",39.313512,-76.630206,"Street","7:51","p.m."
"1272","6/3/2026","Shoplifting","Inside",NA,NA,"None reported","None reported",NA,"3400 BELAIR RD","Eastern","Belair-Edison",39.322688,-76.571234,"Grocery/confection","11:53","p.m."
"1273","6/4/2026","Shoplifting","Inside",NA,NA,"None reported","None reported",NA,"900 E FORT AVE","Southern","Riverside",39.27037,-76.601868,"Wholesaler/store","11:20","p.m."
"1274","6/5/2026","Larceny of motor vehicle parts or accessories","Inside",NA,NA,"None reported","None reported",NA,"5200 CROWSON AVE","Northern","York-Homeland",39.353941,-76.610512,"Other/residential","2:00","a.m."
"1275","6/5/2026","Larceny from auto","Inside",NA,"Female","43","Black or African American","Unknown","1000 N KENWOOD AVE","Southeast","Biddle Street",39.302961,-76.578046,"Other/residential","3:00","a.m."
"1276","6/4/2026","Larceny from auto","Inside",NA,NA,"None reported","None reported",NA,"2200 E MONUMENT ST","Southeast","Middle East",39.298873,-76.585416,"Office building","9:58","a.m."
"1277","6/4/2026","Shoplifting","Inside",NA,NA,"None reported","None reported",NA,"6300 YORK RD","Northern","Lake Walker",39.371499,-76.609362,"Convenience store","11:59","a.m."
"1278","6/4/2026","Shoplifting","Inside",NA,NA,"None reported","None reported",NA,"6300 YORK RD","Northern","Lake Walker",39.371499,-76.609362,"Convenience store","11:59","a.m."
"1279","6/3/2026","Larceny from auto","Outside",NA,"Male","54","None reported","Unknown","3000 FALLSTAFF MANOR CT","Northwest","Cross Country",39.371329,-76.692925,"Street","11:30","p.m."
"1280","6/2/2026","Larceny","Inside",NA,"Female","22","Black or African American","Unknown","1200 GREENMOUNT AVE","Central","Johnston Square",39.304082,-76.607804,"Other/residential","7:54","p.m."
"1281","6/2/2026","Larceny of motor vehicle parts or accessories","Outside",NA,"Male","41","Black or African American","Not Hispanic or Latino","1000 JACK PL","Southern","Brooklyn",39.230245,-76.597464,"Shed/garage","10:30","p.m."
"1282","6/2/2026","Shoplifting","Inside",NA,NA,"None reported","None reported",NA,"5800 YORK RD","Northern","Belvedere",39.362089,-76.609609,"Specialty store","4:10","p.m."
"1283","6/2/2026","Larceny from auto","Outside",NA,"Male","40","White","Not Hispanic or Latino","200 W MCCOMAS ST","Southern","Baltimore Peninsula",39.266341,-76.616864,"Park","4:15","p.m."
"1284","6/2/2026","Larceny from auto","Outside",NA,NA,"None reported","None reported",NA,"2900 RAYSHIRE RD","Southern","Lakeland",39.253435,-76.642303,"Street","4:00","a.m."
"1285","6/4/2026","Larceny","Inside",NA,"Female","31","Black or African American","Not Hispanic or Latino","1 N EAST AVE","Southeast","Patterson Park Neighborhood",39.292725,-76.572194,"Other/residential","4:00","a.m."
"1286","6/4/2026","Larceny","Inside",NA,"Female","48","Black or African American","Unknown","700 POPLAR GROVE ST","Western","Franklintown Road",39.296621,-76.665232,"Other/residential","4:00","p.m."
"1287","6/2/2026","Larceny","Inside",NA,"Male","68","Black or African American","Not Hispanic or Latino","1900 ARGONNE DR","Northeast","Morgan State University",39.340748,-76.582734,"Other/residential","3:00","p.m."
"1288","6/2/2026","Larceny","Outside",NA,"Male","18","Asian","Unknown",NA,"Central","Downtown",39.289276,-76.617838,"Stadium","11:45","p.m."
"1289","6/2/2026","Shoplifting","Inside",NA,NA,"None reported","None reported",NA,"3500 BOSTON ST","Southeast","Canton Industrial Area",39.274838,-76.56655,"Wholesaler/store","5:03","p.m."
"1290","6/2/2026","Shoplifting","Inside",NA,NA,"None reported","None reported",NA,"2400 N CHARLES ST","Eastern","Old Goucher",39.316765,-76.61649,"Grocery/confection","1:00","p.m."
"1291","6/4/2026","Shoplifting","Inside",NA,NA,"None reported","None reported",NA,"800 GUILFORD AVE","Central","Mount Vernon",39.298894,-76.612177,"Grocery/confection","1:06","p.m."
"1292","6/4/2026","Shoplifting","Inside",NA,NA,"None reported","None reported",NA,"6300 EASTERN AVE","Southeast","Pulaski Industrial Area",39.286307,-76.538935,"Specialty store","1:45","p.m."
"1293","6/2/2026","Larceny from auto","Outside",NA,"Male","40","White","Not Hispanic or Latino","200 W MCCOMAS ST","Southern","Baltimore Peninsula",39.266087,-76.616898,"Shed/garage","4:12","p.m."
"1294","6/3/2026","Larceny","Outside",NA,"Male","18","Asian","Unknown","200 W BALTIMORE ST","Central","Downtown",39.288496,-76.618699,"Stadium","1:06","a.m."
"1295","6/3/2026","Larceny","Outside",NA,"Female","18","Black or African American","Unknown","1500 MCHENRY ST","Southwest","Mount Clare",39.284508,-76.640813,"Street","3:59","a.m."
"1296","6/3/2026","Shoplifting","Inside",NA,NA,"None reported","None reported",NA,"3700 FLEET ST","Southeast","Brewers Hill",39.285292,-76.565738,"Convenience store","2:23","a.m."
"1297","6/3/2026","Larceny","Inside",NA,"Female","33","Black or African American","Not Hispanic or Latino","1700 LYDONLEA WAY","Northeast","Loch Raven",39.361211,-76.579821,"Other/residential","2:45","a.m."
"1298","6/3/2026","Larceny","Inside",NA,"Male","19","Asian","Not Hispanic or Latino","200 W BALTIMORE ST","Central","Downtown",39.289551,-76.618286,"Office building","3:53","a.m."
"1299","6/2/2026","Shoplifting","Outside",NA,NA,"None reported","None reported",NA,"3300 E FAYETTE ST","Southeast","Patterson Park Neighborhood",39.29467,-76.569831,"Gas station","11:10","a.m."
"1300","6/3/2026","Larceny","Outside",NA,"Male","29","White","Unknown","2700 REMINGTON AVE","Northern","Remington",39.320482,-76.621094,"Street","7:45","p.m."
"1301","6/3/2026","Larceny","Inside",NA,"Male","31","Black or African American","Unknown","6900 REISTERSTOWN RD","Northwest","Fallstaff",39.361511,-76.709814,"Other/residential","7:45","p.m."
"1302","6/3/2026","Larceny from auto","Outside",NA,"Female","37","Black or African American","Unknown","1900 DRUID HILL AVE","Western","Druid Heights",39.306687,-76.634623,"Street","8:30","p.m."
"1303","6/3/2026","Shoplifting","Inside",NA,NA,"None reported","None reported",NA,"4000 W NORTHERN PKWY","Northwest","Woodmere",39.348955,-76.691027,"Wholesaler/store","4:59","p.m."
"1304","6/3/2026","Larceny","Inside",NA,"Female","29","White","Not Hispanic or Latino","300 S EXETER ST","Central","Little Italy",39.28647,-76.60043,"Other/residential","10:00","p.m."
"1305","6/2/2026","Larceny from auto","Outside",NA,"Male","29","Black or African American","Not Hispanic or Latino","500 BAYVIEW BLVD","Southeast","Greektown",39.286552,-76.548756,"Street","12:30","a.m."
"1306","6/2/2026","Larceny from auto","Inside",NA,NA,"None reported","None reported",NA,"400 ANGLESEA ST","Southeast","Bayview",39.288413,-76.546488,"Other/residential","3:00","a.m."
"1307","6/2/2026","Larceny from auto","Outside",NA,"Male","36","White","Hispanic or Latino","6600 DANVILLE AVE","Southeast","O'donnell Heights",39.275469,-76.534728,"Street","12:00","a.m."
"1308","6/12/2026","Larceny from auto","Outside",NA,NA,"None reported","None reported",NA,"1500 E 36TH ST","Northeast","Ednor Gardens-Lakeside",39.332416,-76.594177,"Street","12:00","a.m."
"1309","6/12/2026","Larceny from auto","Outside",NA,"Male","68","Black or African American","Not Hispanic or Latino","800 W PRATT ST","Southern","Washington Village/Pigtown",39.285574,-76.630228,"Street","2:30","a.m."
"1310","6/12/2026","Larceny from auto","Inside",NA,"Male","46","None reported","Unknown","200 CLUB RD","Northern","Roland Park",39.351764,-76.637756,"Other/residential","1:30","a.m."
"1311","6/11/2026","Larceny of motor vehicle parts or accessories","Outside",NA,"Male","21","Black or African American","Not Hispanic or Latino","900 N BENTALOU ST","Western","Bridgeview/Greenlawn",39.299108,-76.653645,"Street","9:30","p.m."
"1312","6/11/2026","Larceny","Outside",NA,"Male","42","Black or African American","Not Hispanic or Latino","3900 N CHARLES ST","Northern","Tuscany-Canterbury",39.336525,-76.618704,"Street","6:00","a.m."
"1313","6/12/2026","Larceny","Inside",NA,NA,"None reported","None reported",NA,"3700 FLEET ST","Southeast","Brewers Hill",39.285292,-76.565738,"Convenience store","3:35","a.m."
"1314","6/12/2026","Larceny","Outside",NA,"Male","21","Black or African American","Not Hispanic or Latino",NA,"Southwest","Millhill",39.278089,-76.658711,"Street","3:00","a.m."
"1315","6/9/2026","Larceny from auto","Outside",NA,"Male","41","White","Unknown","3600 ASH ST","Northern","Hampden",39.331428,-76.640359,"Street","3:00","a.m."
"1316","6/2/2026","Larceny from auto","Outside",NA,"Female","29","Black or African American","Unknown","500 BAYVIEW BLVD","Southeast","Greektown",39.286552,-76.548756,"Street","12:00","a.m."
"1317","6/11/2026","Shoplifting","Inside",NA,NA,"None reported","None reported",NA,"2000 FLEET ST","Central","Fells Point",39.28511,-76.587453,"Convenience store","9:30","p.m."
"1318","6/11/2026","Larceny","Inside",NA,"Female","47","White","Unknown","700 ALICEANNA ST","Central","Harbor East",39.283108,-76.602767,"Restaurant","9:45","p.m."
"1319","6/11/2026","Shoplifting","Inside",NA,NA,"None reported","None reported",NA,"2000 FLEET ST","Central","Fells Point",39.28511,-76.587453,"Convenience store","9:35","p.m."
"1320","6/10/2026","Larceny from auto","Outside",NA,"Male","36","White","Unknown","4200 ERDMAN AVE","Eastern","Orchard Ridge",39.313478,-76.567421,"Street","10:40","a.m."
"1321","6/12/2026","Larceny of motor vehicle parts or accessories","Outside",NA,"Female","49","White","Not Hispanic or Latino","1700 PARK AVE","Western","Bolton Hill",39.309863,-76.627168,"Street","9:00","p.m."
"1322","6/12/2026","Larceny of motor vehicle parts or accessories","Outside",NA,"Male","46","Black or African American","Not Hispanic or Latino","1600 N ELLAMONT ST","Northwest","Rosemont",39.306782,-76.671048,"Street","10:30","p.m."
"1323","6/12/2026","Larceny from auto","Outside",NA,NA,"None reported","None reported",NA,"2500 GEORGETOWN RD","Southern","Morrell Park",39.269253,-76.656486,"Street","3:00","p.m."
"1324","6/12/2026","Larceny of motor vehicle parts or accessories","Outside",NA,"Male","25","Black or African American","Unknown","3900 EMMART AVE","Northwest","Glen",39.35146,-76.690864,"Street","6:00","p.m."
"1325","6/12/2026","Shoplifting","Inside",NA,NA,"None reported","None reported",NA,"6200 PULASKI HWY","Southeast","Pulaski Industrial Area",39.302442,-76.543381,"Convenience store","5:35","a.m."
"1326","6/12/2026","Larceny from auto","Outside",NA,"Female","56","Black or African American","Not Hispanic or Latino","900 LYNDHURST ST","Southwest","Edmondson Village",39.298362,-76.68166,"Street","3:30","p.m."
"1327","6/12/2026","Larceny from auto","Outside",NA,"Female","66","Black or African American","Not Hispanic or Latino","500 CATHEDRAL ST","Central","Mount Vernon",39.295742,-76.617095,"Street","9:30","p.m."
"1328","6/12/2026","Larceny of motor vehicle parts or accessories","Outside",NA,"Female","24","Black or African American","Unknown","2700 E MONUMENT ST","Southeast","Mcelderry Park",39.298838,-76.578353,"Street","7:30","p.m."
"1329","6/12/2026","Larceny","Inside",NA,"Male","71","Black or African American","Not Hispanic or Latino","2500 VIOLET AVE","Northern","Park Circle",39.331331,-76.658186,"Other/residential","3:00","p.m."
"1330","6/12/2026","Larceny","Inside",NA,NA,"None reported","None reported",NA,"1200 W 36TH ST","Northern","Hampden",39.330397,-76.636269,"Unknown","6:16","p.m."
"1331","6/12/2026","Shoplifting","Inside",NA,NA,"None reported","None reported",NA,"3700 FLEET ST","Southeast","Brewers Hill",39.285292,-76.565738,"Convenience store","5:30","p.m."
"1332","6/11/2026","Larceny","Inside",NA,"Female","26","None reported","Unknown","1100 PARK AVE","Western","Bolton Hill",39.305319,-76.621883,"Other/residential","3:58","p.m."
"1333","6/11/2026","Shoplifting","Inside",NA,NA,"None reported","None reported",NA,"900 N WASHINGTON ST","Southeast","Middle East",39.300779,-76.589972,"Drug store / med  bldg","5:10","p.m."
"1334","6/11/2026","Larceny","Inside",NA,"Female","65","Black or African American","Not Hispanic or Latino","2600 E BIDDLE ST","Southeast","Biddle Street",39.30467,-76.580967,"Other/residential","3:30","p.m."
"1335","6/11/2026","Larceny from auto","Outside",NA,"Female","34","Black or African American","Not Hispanic or Latino","1600 N SMALLWOOD ST","Western","Coppin Heights/Ash-Co-East",39.306547,-76.652774,"Street","6:00","p.m."
"1336","6/11/2026","Shoplifting","Inside",NA,NA,"None reported","None reported",NA,"2500 GREENMOUNT AVE","Northern","Better Waverly",39.31859,-76.609288,"Convenience store","12:00","p.m."
"1337","6/12/2026","Larceny","Outside",NA,"Male","24","White","Hispanic or Latino","1700 EASTERN AVE","Central","Fells Point",39.285472,-76.592576,"Street","2:09","a.m."
"1338","6/12/2026","Shoplifting","Inside",NA,NA,"None reported","None reported",NA,"4900 BOSTON ST","Southeast","Canton Industrial Area",39.276811,-76.553907,"Convenience store","2:30","a.m."
"1339","6/11/2026","Larceny","Inside",NA,"Male","21","White","Unknown","300 W FRANKLIN ST","Central","Mount Vernon",39.295071,-76.620302,"Other/residential","11:57","a.m."
