race,Percentage of deaths,Percentage of population
Black or African American,31.737205787087024,31.65881005602904
White,57.82768300583028,57.273539822147534
Hispanic,6.100194342474627,11.46561205321948
Asian,3.1688620168430144,7.05931876210529
Other,1.0796804145972791,4.008331359718135
Unknown,0.08637443316778234,NA
